blueprint id,blueprint name
681,B级克隆蓝图
682,C级克隆蓝图
683,矮脚鸡级蓝图
684,秃鹫级蓝图
685,狮鹫级蓝图
686,鱼鹰级蓝图
687,狞獾级蓝图
688,乌鸦级蓝图
689,伐木者级蓝图
690,探索级蓝图
691,裂谷级蓝图
692,刺客级蓝图
693,狂暴级蓝图
784,采矿器蓝图 II
785,采矿器蓝图 I
786,轻型导弹发射器蓝图 I
788,重型导弹发射器蓝图 I
790,鱼雷发射器蓝图 I
803,雷神巡航导弹蓝图
804,鞭挞巡航导弹蓝图
805,炼狱巡航导弹蓝图
806,星爆巡航导弹蓝图
807,星爆重型导弹蓝图
808,雷神重型导弹蓝图
809,炼狱重型导弹蓝图
810,鞭挞重型导弹蓝图
811,鞭挞轻型导弹蓝图
812,炼狱轻型导弹蓝图
813,雷神轻型导弹蓝图
814,星爆轻型导弹蓝图
819,125mm加特林自动加农炮蓝图 I
820,150mm轻型自动加农炮蓝图 I
821,200mm自动加农炮蓝图 I
822,250mm轻型加农炮蓝图 I
823,280mm榴弹炮蓝图 I
824,双联180mm自动加农炮蓝图 I
825,220mm火神自动加农炮蓝图 I
826,425mm自动加农炮蓝图 I
827,650mm加农炮蓝图 I
828,720mm榴弹炮蓝图 I
829,双联425mm自动加农炮蓝图 I
830,双联650mm频射加农炮蓝图 I
831,800mm频射加农炮蓝图 I
832,1200mm加农炮蓝图 I
833,1400mm榴弹炮蓝图 I
834,加特林脉冲激光器蓝图 I
835,双联轻型脉冲激光器蓝图 I
836,双联轻型集束激光器蓝图 I
837,小型聚焦脉冲激光器 I 蓝图
838,小型聚焦集束激光器 I 蓝图
839,四联轻型集束激光器蓝图 I
840,聚焦中型脉冲激光器蓝图 I
841,聚焦中型集束激光器蓝图 I
842,重型脉冲激光器蓝图 I
843,重型集束激光器蓝图 I
844,双联重型脉冲激光器蓝图 I
845,双联重型集束激光器蓝图 I
846,超级脉冲激光器蓝图 I
847,超级集束激光器蓝图 I
848,超光速粒子集束激光器蓝图 I
879,碳铅弹蓝图 S
880,核芯弹蓝图 S
881,质子弹蓝图 S
882,硬钼弹蓝图 S
883,钛合金萨博弹蓝图 S
884,聚变弹蓝图 S
885,定相等离子弹蓝图 S
886,电磁脉冲弹蓝图 S
887,碳铅弹蓝图 M
888,核芯弹蓝图 M
889,质子弹蓝图 M
890,硬钼弹蓝图 M
891,钛合金萨博弹蓝图 M
892,聚变弹蓝图 M
893,定相等离子弹蓝图 M
894,电磁脉冲弹蓝图 M
895,碳铅弹蓝图 L
896,核芯弹蓝图 L
897,质子弹蓝图 L
898,硬钼弹蓝图 L
899,钛合金萨博弹蓝图 L
900,聚变弹蓝图 L
901,定相等离子弹蓝图 L
902,电磁脉冲弹蓝图 L
935,死神号蓝图
936,刽子手级蓝图
937,检察官级蓝图
938,巨神兵级蓝图
939,纳维达斯级蓝图
940,特里斯坦级蓝图
941,因卡萨斯级蓝图
943,帝国号蓝图
944,惩罚者级蓝图
945,分裂者级蓝图
946,爆发级蓝图
947,米玛塔尔维和船蓝图
948,伊毕斯号蓝图
949,茶隼级蓝图
950,小鹰级蓝图
952,苍鹭级蓝图
953,维拉托尔号蓝图
954,伊米卡斯级蓝图
955,阿特龙级蓝图
956,毛鲁斯级蓝图
960,吞噬级蓝图
961,女神级蓝图
962,献祭者级蓝图
963,美杜莎级蓝图
964,回声级蓝图
965,山猫级蓝图
966,剑刺级蓝图
967,加达里穿梭机蓝图
968,巨鸟级蓝图
969,暴君级蓝图
970,奥格诺级蓝图
971,狂怒者级蓝图
972,托勒克斯级蓝图
973,主宰级蓝图
974,断崖级蓝图
975,挑战级蓝图
976,镰刀级蓝图
977,黑鸟级蓝图
978,星空级蓝图
979,送葬者级蓝图
983,獾级蓝图
984,狐鼬级蓝图
985,涅鲁斯级蓝图
986,囤积者级蓝图
987,猛犸级蓝图
988,环绕级蓝图
989,克琉斯级蓝图
990,埃比斯级蓝图
991,米亚莫斯级蓝图
992,伊特龙级MKV蓝图
994,毒蝎级蓝图
995,万王宝座级蓝图
996,灾难级蓝图
997,末日沙场级蓝图
998,台风级蓝图
999,多米尼克斯级蓝图
1002,俄洛巴斯级蓝图
1010,小型护盾扩展装置蓝图 I
1013,小型护盾扩展装置蓝图 II
1026,护盾回充器蓝图 I
1027,护盾回充器蓝图 II
1032,小型护盾回充增量器蓝图 I
1033,小型护盾回充增量器蓝图 II
1067,5MN微型跃迁推进器蓝图 I
1071,1MN加力燃烧器蓝图 II
1072,1MN加力燃烧器蓝图 I
1073,5MN微型跃迁推进器蓝图 II
1074,货柜扫描器蓝图 I
1075,船体扫描器蓝图 I
1076,测量扫描器蓝图 I
1079,跃迁扰频器蓝图 I
1080,跃迁扰频器蓝图 II
1095,回转稳定器蓝图 II
1096,回转稳定器蓝图 I
1099,小型装甲维修器蓝图 I
1100,小型结构维修器蓝图 I
1102,停滞缠绕光束蓝图 I
1103,停滞缠绕光束蓝图 II
1105,小型远程电容传输装置蓝图 I
1106,小型掠能器蓝图 I
1109,小型能量中和器蓝图 I
1112,75mm加特林磁轨炮蓝图 I
1113,轻型电子疾速炮蓝图 I
1114,轻型离子疾速炮蓝图 I
1115,轻型中子疾速炮蓝图 I
1116,150mm磁轨炮蓝图 I
1117,重型电子疾速炮蓝图 I
1118,双联150mm磁轨炮蓝图 I
1119,重型中子疾速炮蓝图 I
1120,重型离子疾速炮蓝图 I
1121,250mm磁轨炮蓝图 I
1122,电子疾速加农炮蓝图 I
1123,双联250mm磁轨炮蓝图 I
1124,中子疾速加农炮蓝图 I
1125,425mm磁轨炮蓝图 I
1126,离子疾速加农炮蓝图 I
1128,中型电容注电器蓝图 I
1129,多谱式护盾增强器蓝图 I
1130,铁质轨道弹蓝图 S
1131,钨质轨道弹蓝图 S
1132,铱质轨道弹蓝图 S
1133,铅质轨道弹蓝图 S
1134,钍质轨道弹蓝图 S
1135,钼质轨道弹蓝图 S
1136,锰质轨道弹蓝图 S
1137,反物质轨道弹蓝图 S
1138,铁质轨道弹蓝图 M
1139,钨质轨道弹蓝图 M
1140,铱质轨道弹蓝图 M
1141,铅质轨道弹蓝图 M
1142,钍质轨道弹蓝图 M
1143,钼质轨道弹蓝图 M
1144,锰质轨道弹蓝图 M
1145,反物质轨道弹蓝图 M
1146,铁质轨道弹蓝图 L
1147,钨质轨道弹蓝图 L
1148,铱质轨道弹蓝图 L
1149,铅质轨道弹蓝图 L
1150,钍质轨道弹蓝图 L
1151,钼质轨道弹蓝图 L
1152,锰质轨道弹蓝图 L
1153,反物质轨道弹蓝图 L
1154,射频晶体蓝图 S
1155,微波晶体蓝图 S
1156,红外晶体蓝图 S
1157,标准晶体蓝图 S
1158,紫外晶体蓝图 S
1159,X射线晶体蓝图 S
1160,伽玛晶体蓝图 S
1161,多频晶体蓝图 S
1162,射频晶体蓝图 M
1163,微波晶体蓝图 M
1164,红外晶体蓝图 M
1165,标准晶体蓝图 M
1166,紫外晶体蓝图 M
1167,X射线晶体蓝图 M
1168,伽玛晶体蓝图 M
1169,多频晶体蓝图 M
1170,射频晶体蓝图 L
1171,微波晶体蓝图 L
1172,红外晶体蓝图 L
1173,标准晶体蓝图 L
1174,紫外晶体蓝图 L
1175,X射线晶体蓝图 L
1176,伽玛晶体蓝图 L
1177,多频晶体蓝图 L
1178,高速电容注电器装料—25蓝图
1179,高速电容注电器装料—50蓝图
1184,小型装甲维修器蓝图 II
1186,小型电容器电池蓝图 I
1191,小型远程电容传输装置蓝图 II
1196,电容回充器蓝图 I
1204,电磁涂层蓝图 I
1205,电磁涂层蓝图 II
1208,自动锁定系统蓝图 I
1210,脉冲干扰器蓝图 I
1212,被动锁定器蓝图 I
1214,胡蜂蓝图 I
1216,雷神自动锁定轻型导弹蓝图 I
1217,巨蟒悬浮雷蓝图
1218,民用采矿无人机蓝图
1220,鞭挞火箭蓝图
1221,鞭挞鱼雷蓝图
1237,超载喷注系统蓝图 II
1245,超载喷注系统蓝图 I
1247,电容通量线圈蓝图 I
1249,电容通量线圈蓝图 II
1255,护盾通量线圈蓝图 I
1257,护盾通量线圈蓝图 II
1265,爆炸涂层蓝图 I
1267,爆炸涂层蓝图 II
1275,覆层式涂层蓝图 I
1277,覆层式涂层蓝图 II
1285,动能涂层蓝图 I
1287,动能涂层蓝图 II
1295,热能涂层蓝图 I
1297,热能涂层蓝图 II
1305,多谱式涂层蓝图 I
1307,多谱式涂层蓝图 II
1318,扩充货柜舱蓝图 I
1320,扩充货柜舱蓝图 II
1334,强化舱隔壁蓝图 I
1336,强化舱隔壁蓝图 II
1354,反应堆控制元件蓝图 I
1356,反应堆控制元件蓝图 II
1404,惯性稳定器蓝图 I
1406,惯性稳定器蓝图 II
1423,护盾能源继电器蓝图 II
1437,自动锁定系统蓝图 II
1446,电容能源继电器蓝图 I
1448,电容能源继电器蓝图 II
1540,能源诊断系统蓝图 I
1542,能源诊断系统蓝图 II
1548,小型质子立体炸弹蓝图 I
1550,小型质子立体炸弹蓝图 II
1552,小型引力子立体炸弹蓝图 I
1554,小型引力子立体炸弹蓝图 II
1558,小型等离子立体炸弹蓝图 I
1560,小型等离子立体炸弹蓝图 II
1564,小型EMP立体炸弹蓝图 I
1566,小型EMP立体炸弹蓝图 II
1809,电磁护盾增效器蓝图 I
1811,鞭挞自动锁定轻型导弹蓝图 I
1815,星爆自动锁定轻型导弹蓝图 I
1817,炼狱自动锁定轻型导弹蓝图 I
1819,鞭挞自动锁定重型导弹蓝图 I
1821,雷神自动锁定重型导弹蓝图 I
1823,星爆自动锁定重型导弹蓝图 I
1825,炼狱自动锁定重型导弹蓝图 I
1827,鞭挞自动锁定巡航导弹蓝图 I
1829,雷神自动锁定巡航导弹蓝图 I
1831,星爆自动锁定巡航导弹蓝图 I
1833,炼狱自动锁定巡航导弹蓝图 I
1856,船体扫描器蓝图 II
1876,轻型快速导弹发射器蓝图 I
1878,轻型快速导弹发射器蓝图 II
1945,恩赐者级蓝图
2007,启示级蓝图
2019,中型电容器电池蓝图 I
2021,大型电容器电池蓝图 I
2023,巨型电容器电池蓝图 I
2025,中型电容注电器蓝图 II
2033,电容回充器蓝图 II
2039,货柜扫描器蓝图 II
2047,损伤控制装备蓝图 I
2049,损伤控制装备蓝图 II
2118,脉冲干扰器蓝图 II
2162,磨难级蓝图
2174,渗透者蓝图 I
2176,渗透者蓝图 II
2179,萨沙怒火巡航导弹蓝图
2184,战锤蓝图 I
2186,战锤蓝图 II
2194,执政官蓝图 I
2196,执政官蓝图 II
2204,侍僧蓝图 I
2206,侍僧蓝图 II
2211,萨沙独裁者鱼雷蓝图
2213,幽灵重型导弹蓝图
2282,多谱式护盾增强器蓝图 II
2290,爆炸护盾增强器蓝图 I
2292,动能护盾增强器蓝图 I
2294,电磁护盾增强器蓝图 I
2296,热能护盾增强器蓝图 I
2298,爆炸护盾增强器蓝图 II
2300,动能护盾增强器蓝图 II
2302,电磁护盾增强器蓝图 II
2304,热能护盾增强器蓝图 II
2332,护盾能源继电器蓝图 I
2334,测量扫描器蓝图 II
2342,被动锁定器蓝图 II
2356,小型结构维修器蓝图 II
2405,轻型导弹发射器蓝图 II
2411,重型导弹发射器蓝图 II
2421,鱼雷发射器蓝图 II
2437,胡蜂蓝图 II
2445,蛮妖蓝图 I
2447,蛮妖蓝图 II
2455,地精灵蓝图 I
2457,地精灵蓝图 II
2465,大黄蜂蓝图 I
2467,大黄蜂蓝图 II
2477,狂战士蓝图 I
2479,狂战士蓝图 II
2487,武士蓝图 I
2489,武士蓝图 II
2507,雷神鱼雷蓝图
2509,星爆鱼雷蓝图
2511,炼狱鱼雷蓝图
2513,雷神火箭蓝图
2515,炼狱火箭蓝图
2517,星爆火箭蓝图
2530,爆炸护盾增效器蓝图 I
2532,爆炸护盾增效器蓝图 II
2538,热能护盾增效器蓝图 I
2540,热能护盾增效器蓝图 II
2546,动能护盾增效器蓝图 I
2548,动能护盾增效器蓝图 II
2554,电磁护盾增效器蓝图 II
2604,纳米纤维内部构架蓝图 I
2606,纳米纤维内部构架蓝图 II
2614,雷神愤怒轻型导弹蓝图
2622,炼狱愤怒巡航导弹蓝图
2630,鞭挞愤怒重型导弹蓝图
2638,炼狱精准巡航导弹蓝图
2648,炼狱精准轻型导弹蓝图
2656,星爆精准重型导弹蓝图
2680,鞭挞狂乱重型攻击导弹蓝图
2735,基础设施中心蓝图
2736,跃迁扰断波发射台蓝图
2737,主权宣布设施蓝图
2738,主权干扰设施蓝图
2739,纳米体修复粘合剂蓝图
2740,跃迁扰频波发射台蓝图
2741,停滞网状光束发射台蓝图
2742,生化储藏舱库图
2743,催化剂储藏舱库图
2744,连接装置阵列蓝图
2745,通用储藏装置蓝图
2746,有害化学物质储藏库蓝图
2747,混合聚合物储藏库蓝图
2748,储藏库蓝图
2749,高级大型舰船组装阵列蓝图
2750,超大型舰船维护阵列蓝图
2751,高级中型舰船组装阵列蓝图
2752,舰船维护阵列蓝图
2753,高级小型舰船组装阵列蓝图
2754,弹药组装阵列蓝图
2755,弹道偏转阵列蓝图
2756,超级旗舰组装阵列蓝图
2757,爆炸伤害弱化设备阵列蓝图
2758,组件装配阵列蓝图
2759,热消散阵列蓝图
2760,无人机组装阵列蓝图
2761,光子散射阵列蓝图
2762,药物实验室蓝图
2763,感应抑阻波发射台蓝图
2764,装备组装阵列蓝图
2765,高强度提炼阵列蓝图
2766,大型舰船组装阵列蓝图
2767,压缩阵列蓝图
2768,中型舰船组装阵列蓝图
2769,提炼阵列蓝图
2770,快速装备组装阵列蓝图
2771,小型舰船组装阵列蓝图
2772,子系统组装阵列蓝图
2773,旗舰组装阵列蓝图
2774,艾玛控制塔蓝图
2775,艾玛中型控制塔蓝图
2776,艾玛小型控制塔蓝图
2777,加达里控制塔蓝图
2778,加达里中型控制塔蓝图
2779,加达里小型控制塔蓝图
2780,盖伦特控制塔蓝图
2781,盖伦特中型控制塔蓝图
2782,盖伦特小型控制塔蓝图
2783,米玛塔尔控制塔蓝图
2784,米玛塔尔中型控制塔蓝图
2785,米玛塔尔小型控制塔蓝图
2786,卫星开采阵列蓝图
2787,军团机库阵列蓝图
2788,诱导力场发生阵列蓝图
2789,诱导力场系统干扰器蓝图
2790,生化反应堆阵列蓝图
2791,复杂反应堆阵列蓝图
2792,离子力场投射台蓝图
2793,中型生化反应堆阵列蓝图
2794,相位倒置接收塔蓝图
2795,聚合物反应阵列蓝图
2796,空间扰乱发射器蓝图
2797,简单反应阵列蓝图
2798,白噪发生器台站蓝图
2799,能量中和炮台蓝图
2800,跳跃桥接蓝图
2802,星爆标枪鱼雷蓝图
2803,大型疾速炮台蓝图
2804,大型磁轨炮台蓝图
2805,大型火炮塔台蓝图
2806,中型疾速炮台蓝图
2807,大型自动加农炮塔台蓝图
2808,中型磁轨炮塔台蓝图
2810,中型火炮塔台蓝图
2812,炼狱狂乱鱼雷蓝图
2813,小型疾速炮台蓝图
2814,中型自动加农炮塔台蓝图
2815,小型磁轨炮台蓝图
2816,小型火炮塔台蓝图
2818,雷神狂乱火箭蓝图
2819,小型自动加农炮塔台蓝图
2820,逆向工程实验室蓝图
2821,研究实验室蓝图
2822,超大型鱼雷发射台蓝图
2823,巡航导弹发射台蓝图
2824,鱼雷发射台蓝图
2825,小型脉冲激光炮台蓝图
2826,小型集束激光炮台蓝图
2827,中型脉冲激光炮台蓝图
2828,中型集束激光炮台蓝图
2829,大型脉冲激光炮台蓝图
2830,大型集束激光炮台蓝图
2835,乌图级蓝图
2837,复仇女神级蓝图
2839,大脑加速器蓝图
2864,元始级蓝图
2866,1200mm加农炮蓝图 II
2874,125mm加特林自动加农炮蓝图 II
2890,200mm自动加农炮蓝图 II
2898,220mm火神自动加农炮蓝图 II
2906,250mm轻型加农炮蓝图 II
2914,425mm自动加农炮蓝图 II
2922,650mm加农炮蓝图 II
2938,双联180mm自动加农炮蓝图 II
2946,双联425mm自动加农炮蓝图 II
2949,暗影无人机蓝图
2954,双联650mm频射加农炮蓝图 II
2962,1400mm榴弹炮蓝图 II
2970,720mm榴弹炮蓝图 II
2978,280mm榴弹炮蓝图 II
2986,双联重型集束激光器蓝图 II
2994,双联轻型集束激光器蓝图 II
3002,双联轻型脉冲激光器蓝图 II
3010,聚焦中型集束激光器蓝图 II
3018,加特林脉冲激光器蓝图 II
3026,重型集束激光器蓝图 II
3034,小型聚焦集束激光器 II 蓝图
3039,黑夜级蓝图
3042,小型聚焦脉冲激光器 II 蓝图
3050,超级集束激光器蓝图 II
3058,超级脉冲激光器蓝图 II
3066,超光速粒子集束激光器蓝图 II
3075,150mm磁轨炮蓝图 II
3083,250mm磁轨炮蓝图 II
3091,425mm磁轨炮蓝图 II
3099,75mm加特林磁轨炮蓝图 II
3107,双联150mm磁轨炮蓝图 II
3115,双联250mm磁轨炮蓝图 II
3123,电子疾速加农炮蓝图 II
3131,重型电子疾速炮蓝图 II
3139,重型离子疾速炮蓝图 II
3147,重型中子疾速炮蓝图 II
3155,离子疾速加农炮蓝图 II
3163,轻型电子疾速炮蓝图 II
3171,轻型离子疾速炮蓝图 II
3179,轻型中子疾速炮蓝图 II
3187,中子疾速加农炮蓝图 II
3243,跃迁扰断器蓝图 I
3245,跃迁扰断器蓝图 II
3286,四联轻型集束激光器蓝图 II
3473,巨型电容器电池蓝图 II
3489,小型电容器电池蓝图 II
3497,中型电容器电池蓝图 II
3505,大型电容器电池蓝图 II
3513,聚焦中型脉冲激光器蓝图 II
3515,归魂者级蓝图
3517,恶意级蓝图
3519,传道者级蓝图
3521,重型脉冲激光器蓝图 II
3529,中型装甲维修器蓝图 I
3531,中型装甲维修器蓝图 II
3535,统合部旗舰级装甲维修器蓝图
3537,统合部旗舰级远程装甲维修器蓝图
3539,大型装甲维修器蓝图 I
3541,大型装甲维修器蓝图 II
3543,统合部旗舰级护盾回充增量器蓝图
3545,统合部旗舰级远程护盾回充增量器蓝图
3547,统合部离子会战疾速炮蓝图
3553,高速电容注电器装料—75蓝图
3555,高速电容注电器装料—100蓝图
3557,统合部双联1000mm磁轨炮蓝图
3560,统合部双联千兆级脉冲激光器蓝图
3562,统合部双联千兆级集束激光器蓝图
3564,统合部超大型巡航导弹发射器蓝图
3567,小型电容注电器蓝图 I
3569,小型电容注电器蓝图 II
3570,统合部超大型鱼雷发射器蓝图
3572,统合部四联3500mm会战火炮蓝图
3574,统合部六联2500mm频射加农炮蓝图
3577,重型电容注电器蓝图 I
3579,重型电容注电器蓝图 II
3580,统合部旗舰级远程电容传输装置蓝图
3582,缴获的萨沙数据分析仪蓝图
3587,小型远程护盾回充增量器蓝图 I
3589,小型远程护盾回充增量器蓝图 II
3590,损坏的萨沙数据分析仪蓝图
3597,中型远程护盾回充增量器蓝图 I
3599,中型远程护盾回充增量器蓝图 II
3607,大型远程护盾回充增量器蓝图 I
3609,大型远程护盾回充增量器蓝图 II
3617,旗舰级远程护盾回充增量器蓝图 I
3619,旗舰级远程护盾回充增量器蓝图 II
3654,中型结构维修器蓝图 I
3656,中型结构维修器蓝图 II
3664,大型结构维修器蓝图 I
3666,大型结构维修器蓝图 II
3734,眼镜蛇悬浮雷蓝图
3736,水蟒悬浮雷蓝图
3738,角蝰悬浮雷蓝图
3752,SOCT 1蓝图
3754,SOCT 2蓝图
3765,勒维亚坦级蓝图
3767,守夜者级蓝图
3769,艾玛警用护卫舰蓝图
3794,数据破坏仪蓝图 I
3830,中型护盾扩展装置蓝图 I
3832,中型护盾扩展装置蓝图 II
3840,大型护盾扩展装置蓝图 I
3842,大型护盾扩展装置蓝图 II
3927,克隆蓝图
3928,硬件蓝图
3938,中型质子立体炸弹蓝图 I
3940,中型质子立体炸弹蓝图 II
3942,中型引力子立体炸弹蓝图 I
3944,中型引力子立体炸弹蓝图 II
3948,中型等离子立体炸弹蓝图 I
3950,中型等离子立体炸弹蓝图 II
3954,中型EMP立体炸弹蓝图 I
3956,中型EMP立体炸弹蓝图 II
3963,海关办公室框架蓝图
3978,大型质子立体炸弹蓝图 I
3980,大型质子立体炸弹蓝图 II
3982,大型引力子立体炸弹蓝图 I
3984,大型引力子立体炸弹蓝图 II
3988,大型等离子立体炸弹蓝图 I
3990,大型等离子立体炸弹蓝图 II
3991,大型远程结构维修器蓝图 II
3994,大型EMP立体炸弹蓝图 I
3996,大型EMP立体炸弹蓝图 II
4006,毒蝎级异株湖保安型蓝图
4148,双联重型脉冲激光器蓝图 II
4249,跃迁扰断力场发生器蓝图 II
4251,小型牵引光束器蓝图 II
4253,旗舰级牵引光束器蓝图 II
4255,微型辅助能源核心蓝图 II
4257,炸弹发射器蓝图 II
4259,核心探针发射器蓝图 II
4261,延伸探针发射器蓝图 II
4263,装甲作战网络—损伤控制蓝图 II
4265,装甲作战网络—被动防护蓝图 II
4267,装甲作战网络—快速修理蓝图 II
4269,信息作战网络—电子优势蓝图 II
4271,信息作战网络—侦查行动蓝图 II
4273,信息作战网络—感应器可靠性蓝图 II
4275,开采先锋—采集器电容能效蓝图 II
4277,开采先锋—激光优化设备蓝图 II
4279,开采先锋—采矿激光器力场增强蓝图 II
4281,会战作战网络—激活能量盾蓝图 II
4283,会战作战网络—护盾效率蓝图 II
4285,会战作战网络—护盾协调蓝图 II
4287,游击作战网络—规避机动蓝图 II
4289,游击作战网络—阻断机动蓝图 II
4291,游击作战网络—快速机动蓝图 II
4293,会战装备蓝图 II
4295,会战型紧急修复增强模块蓝图 II
4298,中型远程结构维修器蓝图 II
4300,小型远程结构维修器蓝图 II
4305,预言级蓝图
4307,娜迦级蓝图
4309,塔洛斯级蓝图
4311,龙卷风级蓝图
4313,氧燃料块蓝图
4314,氮燃料块蓝图
4315,氦燃料块蓝图
4316,氢燃料块蓝图
4364,米亚莫斯级酷菲特强版蓝图
4370,小型锁定增效器蓝图 I
4384,大型微型跳跃引擎蓝图
4387,大型机动跳跃扰断器蓝图 I
4389,米亚莫斯级酷菲深蓝版蓝图
4392,大型辅助护盾回充增量器蓝图
4394,无人机伤害增效装置蓝图 I
4396,中型处理器超频组件蓝图 I
4398,大型处理器超频组件蓝图 I
4400,中型处理器超频组件蓝图 II
4402,大型处理器超频组件蓝图 II
4404,反应式装甲增强器蓝图
4406,无人机伤害增效装置蓝图 II
4408,护盾回充增量器燃料分配脚本蓝图
4410,信号半径抑制装置蓝图 I
9945,磁性力场稳定器蓝图 I
10040,民用护盾回充增量器蓝图
10191,磁性力场稳定器蓝图 II
10247,采矿无人机蓝图 I
10251,采矿无人机蓝图 II
10630,火箭发射器蓝图 I
10632,火箭发射器蓝图 II
10643,导弹反制发射器蓝图 I
10679,125mm磁轨炮蓝图 I
10681,125mm磁轨炮蓝图 II
10837,中型护盾回充增量器蓝图 I
10839,大型护盾回充增量器蓝图 I
10841,超大型护盾回充增量器蓝图 I
10843,超大型护盾回充增量器蓝图 II
10851,中型护盾回充增量器蓝图 II
10859,大型护盾回充增量器蓝图 II
11012,狂怒守卫者级蓝图
11074,护符 阿尔法型蓝图
11130,盖伦特穿梭机蓝图
11133,米玛塔尔穿梭机蓝图
11135,艾玛穿梭机蓝图
11173,太阳神级蓝图
11175,克勒斯级蓝图
11177,黑鸦级蓝图
11179,猛禽级蓝图
11183,猎豹级蓝图
11185,十字军级蓝图
11187,咒灭级蓝图
11189,咒逐级蓝图
11191,哨兵级蓝图
11193,秃鹰级蓝图
11195,狐妖级蓝图
11197,利爪级蓝图
11199,短剑级蓝图
11201,塔纳尼斯级蓝图
11203,阿瑞斯级蓝图
11216,基础型电磁电压薄膜蓝图
11218,电磁电压薄膜蓝图 I
11220,电磁电压薄膜蓝图 II
11226,基础型爆炸电压薄膜蓝图
11228,爆炸电压薄膜蓝图 I
11230,爆炸电压薄膜蓝图 II
11236,基础型覆层电压薄膜蓝图
11238,覆层电压薄膜蓝图 I
11240,覆层电压薄膜蓝图 II
11246,基础型动能电压薄膜蓝图
11248,动能电压薄膜蓝图 I
11250,动能电压薄膜蓝图 II
11256,基础型热能电压薄膜蓝图
11258,热能电压薄膜蓝图 I
11260,热能电压薄膜蓝图 II
11266,基础型多谱式电压薄膜蓝图
11268,多谱式电压薄膜蓝图 I
11270,多谱式电压薄膜蓝图 II
11278,热能装甲增强器蓝图
11280,1600mm钢附甲板蓝图 I
11284,高速电容注电器装料—150蓝图
11286,高速电容注电器装料—200蓝图
11288,高速电容注电器装料—400蓝图
11290,高速电容注电器装料—800蓝图
11292,50mm钢附甲板蓝图 I
11294,100mm钢附甲板蓝图 I
11296,200mm钢附甲板蓝图 I
11298,400mm钢附甲板蓝图 I
11300,800mm钢附甲板蓝图 I
11302,电磁装甲增强器蓝图 I
11304,爆炸装甲增强器蓝图 I
11306,动能装甲增强器蓝图 I
11356,小型远程装甲维修器蓝图 I
11358,中型远程装甲维修器蓝图 I
11360,大型远程装甲维修器蓝图 I
11366,复仇级蓝图
11372,猎狼级蓝图
11374,刀锋级蓝图
11376,艾琳伊级蓝图
11378,纳美西斯级蓝图
11380,战鹰级蓝图
11382,女妖级蓝图
11384,收集者级蓝图
11388,土狼级蓝图
11390,基沙尔级蓝图
11394,审判者蓝图
11401,美洲虎级蓝图
11562,护盾回充增量增效器蓝图 I
11564,微型辅助能源核心蓝图 I
11568,神使级蓝图
11612,散热槽蓝图 I
11613,跃迁核心稳定器蓝图 I
11614,索敌扰断器蓝图 I
11616,索敌增强器蓝图 I
11617,远距索敌计算机蓝图 I
11619,协处理器蓝图 I
11620,感应增强器蓝图 I
11621,索敌计算机蓝图 I
11622,引力ECCM发生器蓝图 I
11623,光雷达ECCM发生器蓝图 I
11624,磁力ECCM发生器蓝图 I
11625,雷达ECCM发生器蓝图 I
11626,全效ECCM发生器蓝图 I
11628,磁力ECM蓝图 I
11629,多谱式ECM蓝图 I
11630,光雷达ECM蓝图 I
11631,引力ECM蓝图 I
11632,雷达ECM蓝图 I
11634,信号放大器蓝图 I
11641,跃迁核心稳定器蓝图 II
11643,电磁装甲增强器蓝图 II
11645,动能装甲增强器蓝图 II
11647,爆炸装甲增强器蓝图 II
11649,热能装甲增强器蓝图 II
11747,协处理器蓝图 II
11750,引力ECCM发生器蓝图 II
11754,光雷达ECCM发生器蓝图 II
11758,磁力ECCM发生器蓝图 II
11762,全效ECCM发生器蓝图 II
11766,雷达ECCM发生器蓝图 II
11770,ECCM投射器蓝图 I
11771,ECCM投射器蓝图 II
11775,磁力ECM蓝图 II
11779,多谱式ECM蓝图 II
11783,光雷达ECM蓝图 II
11787,引力ECM蓝图 II
11791,雷达ECM蓝图 II
11795,散热槽蓝图 II
11798,远程感应增强器蓝图 I
11799,远程感应增强器蓝图 II
11803,远程感应抑阻器蓝图 I
11804,远程感应抑阻器蓝图 II
11808,感应增强器蓝图 II
11812,信号放大器蓝图 II
11820,引力感应器支援阵列蓝图 I
11821,引力感应器支援阵列蓝图 II
11824,光雷达支援阵列蓝图 I
11825,光雷达支援阵列蓝图 II
11828,磁力感应器支援阵列蓝图 I
11829,磁力感应器支援阵列蓝图 II
11832,多谱感应器支援阵列蓝图 I
11833,多谱感应器支援阵列蓝图 II
11836,雷达感应器支援阵列蓝图 I
11837,雷达感应器支援阵列蓝图 II
11840,索敌计算机蓝图 II
11844,索敌扰断器蓝图 II
11848,索敌增强器蓝图 II
11851,远距索敌计算机蓝图 II
11857,莱登船业-R.Db蓝图
11859,R.A.M. - 能源科技蓝图
11860,R.A.M. - 控制模块蓝图
11861,R.A.M. - 平台科技蓝图
11862,LXD-27黑客平台蓝图
11863,抄本黑客平台蓝图
11864,赫耳墨斯黑客平台蓝图
11865,萨满黑客平台蓝图
11866,超链接上行线蓝图
11867,R.A.M. - 战列舰科技蓝图
11868,R.A.M. - 巡洋舰科技蓝图
11869,R.A.M. - 工业舰科技蓝图
11870,R.A.M. - 电子元件蓝图
11871,地球分子序列蓝图
11872,R.A.M. - 弹药科技蓝图
11873,R.A.M. - 装甲/船体科技蓝图
11874,R.A.M. - 超网络科技蓝图
11876,无限创造-R.Db蓝图
11877,核心局面-R.Db蓝图
11878,西顿-R.Db蓝图
11879,度沃勒实验室-R.Db蓝图
11880,天主凝聚会-R.Db蓝图
11881,卡拉吉塔数据库-R.Db蓝图
11882,卡尼迪创新-R.Db蓝图
11883,图克尔混合企业-R.Db蓝图
11884,维鲜集团-R.Db蓝图
11885,异株湖数据库-R.Db蓝图
11886,莱戴-R.Db蓝图
11887,R.A.M. - 机器人技术蓝图
11888,R.A.M. - 制药蓝图
11889,R.A.M. - 护盾科技蓝图
11890,R.A.M. - 星舰科技蓝图
11891,R.A.M. - 武器科技蓝图
11892,阿尔法黑客平台蓝图
11937,灾难级帝国型蓝图
11939,末日沙场级帝国型蓝图
11958,战隼级蓝图
11960,白嘴鸦级蓝图
11962,休津级蓝图
11964,长剑级蓝图
11966,朝圣级蓝图
11970,埃拉兹级蓝图
11972,拉克希斯级蓝图
11979,曲剑级蓝图
11986,皇冠蜥级蓝图
11988,守卫级蓝图
11990,奥内罗斯级蓝图
11994,希尔博拉斯级蓝图
11996,奥尼克斯级蓝图
12000,流浪级蓝图
12004,狂热级蓝图
12006,伊什塔级蓝图
12012,银鹰级蓝图
12014,阔刀级蓝图
12016,缪宁级蓝图
12018,奉献级蓝图
12020,渎圣级蓝图
12022,伏波斯级蓝图
12024,戴默斯级蓝图
12031,蝎尾怪级蓝图
12035,猎犬级蓝图
12037,匕首级蓝图
12041,净化级蓝图
12043,伊什库尔级蓝图
12045,恩尤级蓝图
12053,50MN微型跃迁推进器蓝图 I
12055,500MN微型跃迁推进器蓝图 I
12057,10MN加力燃烧器蓝图 I
12059,10MN加力燃烧器蓝图 II
12067,100MN加力燃烧器蓝图 I
12069,100MN加力燃烧器蓝图 II
12077,50MN微型跃迁推进器蓝图 II
12085,500MN微型跃迁推进器蓝图 II
12103,大型远程电容传输装置蓝图 II
12104,加强型隐形装置蓝图 II
12105,隐秘行动隐形装置蓝图 II
12109,深层地核采矿激光器蓝图 I
12218,中型远程电容传输装置蓝图 I
12220,旗舰级远程电容传输装置蓝图 I
12222,中型远程电容传输装置蓝图 II
12224,旗舰级远程电容传输装置蓝图 II
12226,大型远程电容传输装置蓝图 I
12258,中型掠能器蓝图 I
12260,中型掠能器蓝图 II
12262,重型掠能器蓝图 I
12264,重型掠能器蓝图 II
12266,中型能量中和器蓝图 I
12268,中型能量中和器蓝图 II
12270,重型能量中和器蓝图 I
12272,重型能量中和器蓝图 II
12275,弹道控制系统蓝图 I
12297,小型机动跃迁扰断器蓝图 I
12300,中型机动跃迁扰断器蓝图 I
12301,大型机动跃迁扰断器蓝图 I
12345,200mm磁轨炮蓝图 I
12347,200mm磁轨炮蓝图 II
12355,350mm磁轨炮蓝图 I
12357,350mm磁轨炮蓝图 II
12553,勒克斯蓝图 S
12558,微光蓝图 S
12560,极光蓝图 S
12562,烈焰蓝图 S
12564,灼烧蓝图 S
12566,爆燃蓝图 S
12609,冰雹蓝图 S
12611,荒芜蓝图 S
12613,涅槃蓝图 S
12615,虚空蓝图 S
12617,闪电蓝图 S
12619,钉刺蓝图 S
12621,标枪蓝图 S
12626,雷暴蓝图 S
12628,风暴蓝图 S
12630,震击蓝图 S
12632,地震蓝图 S
12634,战栗蓝图 S
12710,目标标记装置蓝图 I
12712,小型反侦测系统蓝图 I
12714,中型反侦测系统蓝图 I
12716,大型反侦测系统蓝图 I
12718,巨型反侦测系统蓝图 I
12730,天鹤级蓝图
12732,大鸨级蓝图
12734,分裂级蓝图
12736,徘徊者级蓝图
12744,旅行者级蓝图
12746,奥卡托级蓝图
12748,巨象级蓝图
12754,激进级蓝图
12762,地震蓝图 L
12764,震击蓝图 L
12766,战栗蓝图 L
12768,地震蓝图 M
12770,震击蓝图 M
12772,战栗蓝图 M
12774,雷暴蓝图 M
12776,雷暴蓝图 L
12778,冰雹蓝图 M
12780,冰雹蓝图 L
12782,风暴蓝图 M
12784,风暴蓝图 L
12786,虚空蓝图 M
12788,虚空蓝图 L
12790,涅槃蓝图 M
12792,涅槃蓝图 L
12794,荒芜蓝图 M
12796,荒芜蓝图 L
12798,闪电蓝图 M
12800,闪电蓝图 L
12802,标枪蓝图 M
12804,标枪蓝图 L
12806,钉刺蓝图 M
12808,钉刺蓝图 L
12811,烈焰蓝图 M
12813,烈焰蓝图 L
12815,爆燃蓝图 M
12817,爆燃蓝图 L
12819,灼烧蓝图 M
12821,灼烧蓝图 L
12823,极光蓝图 M
12825,极光蓝图 L
12827,微光蓝图 M
12829,微光蓝图 L
12831,勒克斯蓝图 M
12833,勒克斯蓝图 L
13000,尖端型隐形装置蓝图 I
13002,小型掠能器蓝图 II
13004,小型能量中和器蓝图 II
13203,万王宝座级联邦型蓝图
13321,巡航导弹发射器蓝图 I
15509,金星蓝图 I
15511,瓦尔基里蓝图 I
15676,加达里海军协处理器蓝图
15678,联邦海军协处理器蓝图
15682,加达里海军弹道控制系统蓝图
15684,共和舰队弹道控制系统蓝图
15686,帝国海军热能涂层蓝图
15688,帝国海军电磁涂层蓝图
15690,帝国海军爆炸涂层蓝图
15692,帝国海军动能涂层蓝图
15694,帝国海军多谱式涂层蓝图
15696,共和舰队热能涂层蓝图
15698,共和舰队电磁涂层蓝图
15700,共和舰队爆炸涂层蓝图
15702,共和舰队动能涂层蓝图
15704,共和舰队多谱式涂层蓝图
15706,帝国海军热能装甲增强器蓝图
15708,帝国海军动能装甲增强器蓝图
15710,帝国海军爆炸装甲增强器蓝图
15712,帝国海军电磁装甲增强器蓝图
15714,共和舰队热能装甲增强器蓝图
15716,共和舰队动能装甲增强器蓝图
15718,共和舰队爆炸装甲增强器蓝图
15720,共和舰队电磁装甲增强器蓝图
15722,帝国海军热能电压薄膜蓝图
15724,帝国海军电磁电压薄膜蓝图
15726,帝国海军爆炸电压薄膜蓝图
15728,帝国海军动能电压薄膜蓝图
15730,帝国海军多谱式电压薄膜蓝图
15732,联邦海军热能电压薄膜蓝图
15734,联邦海军电磁电压薄膜蓝图
15736,联邦海军爆炸电压薄膜蓝图
15738,联邦海军动能电压薄膜蓝图
15740,联邦海军多谱式电压薄膜蓝图
15748,共和舰队5MN微型跃迁推进器蓝图
15750,共和舰队1MN加力燃烧器蓝图
15752,共和舰队50MN微型跃迁推进器蓝图
15754,共和舰队10MN加力燃烧器蓝图
15756,共和舰队500MN微型跃迁推进器蓝图
15758,共和舰队100MN加力燃烧器蓝图
15760,联邦海军5MN微型跃迁推进器蓝图
15762,联邦海军1MN加力燃烧器蓝图
15765,联邦海军50MN微型跃迁推进器蓝图
15767,联邦海军10MN加力燃烧器蓝图
15769,联邦海军500MN微型跃迁推进器蓝图
15771,联邦海军100MN加力燃烧器蓝图
15773,艾玛达海军小型电容注电器蓝图
15777,艾玛达海军中型电容注电器蓝图
15779,艾玛达海军重型电容注电器蓝图
15781,帝国海军小型电容注电器蓝图
15783,帝国海军微型电容注电器蓝图
15785,帝国海军中型电容注电器蓝图
15787,帝国海军重型电容注电器蓝图
15789,艾玛达海军电容回充器蓝图
15791,加达里海军隐形装置蓝图
15793,联邦海军索敌计算机蓝图
15795,艾玛达海军小型能量中和器蓝图
15797,艾玛达海军中型能量中和器蓝图
15799,艾玛达海军重型能量中和器蓝图
15801,帝国海军小型能量中和器蓝图
15803,帝国海军中型能量中和器蓝图
15805,帝国海军重型能量中和器蓝图
15807,共和舰队回转稳定器蓝图
15809,艾玛达海军散热槽蓝图
15811,帝国海军散热槽蓝图
15819,加达里海军350mm磁轨炮蓝图
15822,加达里海军200mm磁轨炮蓝图
15839,联邦海军350mm磁轨炮蓝图
15842,联邦海军200mm磁轨炮蓝图
15876,艾玛达海军小型掠能器蓝图
15878,艾玛达海军中型掠能器蓝图
15880,艾玛达海军重型掠能器蓝图
15882,帝国海军小型掠能器蓝图
15884,帝国海军中型掠能器蓝图
15886,帝国海军重型掠能器蓝图
15888,加达里海军跃迁扰频器蓝图
15890,加达里海军跃迁扰断器蓝图
15892,共和舰队跃迁扰断器蓝图
15894,共和舰队跃迁扰频器蓝图
15896,联邦海军磁性力场稳定器蓝图
15906,加达里海军护盾回充增量增效器蓝图
15908,共和舰队护盾回充增量增效器蓝图
15910,加达里海军电磁护盾增效器蓝图
15912,加达里海军动能护盾增效器蓝图
15914,加达里海军热能护盾增效器蓝图
15916,加达里海军爆炸护盾增效器蓝图
15918,共和舰队电磁护盾增效器蓝图
15920,共和舰队动能护盾增效器蓝图
15922,共和舰队热能护盾增效器蓝图
15924,共和舰队爆炸护盾增效器蓝图
15926,加达里海军小型引力子立体炸弹蓝图
15928,加达里海军微型引力子立体炸弹蓝图
15930,加达里海军中型引力子立体炸弹蓝图
15932,加达里海军大型引力子立体炸弹蓝图
15936,共和舰队小型质子立体炸弹蓝图
15938,共和舰队中型质子立体炸弹蓝图
15940,共和舰队大型质子立体炸弹蓝图
15942,艾玛达海军小型EMP立体炸弹蓝图
15946,艾玛达海军中型EMP立体炸弹蓝图
15948,艾玛达海军大型EMP立体炸弹蓝图
15950,联邦海军小型等离子立体炸弹蓝图
15954,联邦海军中型等离子立体炸弹蓝图
15956,联邦海军大型等离子立体炸弹蓝图
15958,帝国海军小型EMP立体炸弹蓝图
15960,帝国海军微型EMP立体炸弹蓝图
15962,帝国海军中型EMP立体炸弹蓝图
15964,帝国海军大型EMP立体炸弹蓝图
15966,共和舰队索敌增强器蓝图
15968,联邦海军远距索敌计算机蓝图
16029,800mm频射加农炮蓝图 II
16032,150mm轻型自动加农炮蓝图 II
16063,加达里海军巡航导弹发射器蓝图
16066,加达里海军火箭发射器蓝图
16228,猛鲑级蓝图
16230,布鲁提克斯级蓝图
16232,飓风级蓝图
16234,先知级蓝图
16237,强制者级蓝图
16239,海燕级蓝图
16241,促进级蓝图
16243,长尾鲛级蓝图
16279,冰矿采集器蓝图 I
17322,热核反应击发装置蓝图
17323,碳化晶体附甲蓝图
17324,等离子推进器蓝图
17325,纳米机械微处理器蓝图
17326,核脉冲发生器蓝图
17327,标量电容器单元蓝图
17328,迪波特钛合金附甲蓝图
17329,离子推进器蓝图
17330,纳米电子微处理器蓝图
17331,聚变反应堆机组蓝图
17332,引力子脉冲发生器蓝图
17333,光雷达感应器组蓝图
17334,超立方电容器单元蓝图
17335,电磁发生器蓝图
17336,雷达感应器组蓝图
17337,震荡电容器单元蓝图
17338,反物质反应堆组件蓝图
17339,等离子脉冲发生器蓝图
17340,引力感应器组蓝图
17341,脉冲护盾发射器蓝图
17342,核反应堆机组蓝图
17344,粒子加速装置蓝图
17345,磁力感应器组蓝图
17346,偏阻护盾发射器蓝图
17347,电解电容器单元蓝图
17348,激光器定焦水晶蓝图
17349,聚变推进器蓝图
17350,碳化钨附甲蓝图
17351,量子微处理器蓝图
17352,恒定护盾发射器蓝图
17353,引力子反应器机组蓝图
17354,超导体轨道蓝图
17355,碳化菲尔金属合成物附甲蓝图
17356,磁脉冲推进器蓝图
17357,光子微处理器蓝图
17359,线性护盾能量发射器蓝图
17477,妄想级蓝图
17479,回旋者级蓝图
17481,猎获级蓝图
17483,露天采矿器蓝图 I
17486,共和舰队巡航导弹发射器蓝图
17489,共和舰队火箭发射器蓝图
17501,加达里海军停滞缠绕光束蓝图
17503,艾玛达海军电磁装甲抗增强器蓝图
17505,艾玛达海军爆炸装甲增强器蓝图
17507,艾玛达海军动能装甲增强器蓝图
17509,艾玛达海军热能装甲增强器蓝图
17511,艾玛达海军电容能源继电器蓝图
17513,艾玛达海军动能涂层蓝图
17515,艾玛达海军多谱式涂层蓝图
17517,艾玛达海军爆炸涂层蓝图
17519,艾玛达海军电磁涂层蓝图
17521,联邦海军感应增强器蓝图
17523,艾玛达海军反应堆控制元件蓝图
17525,艾玛达海军能源诊断系统蓝图
17527,帝国海军电容回充器蓝图
17529,帝国海军电容能源继电器蓝图
17537,艾玛达海军多谱式电压薄膜蓝图
17539,艾玛达海军动能电压薄膜蓝图
17541,艾玛达海军爆炸电压薄膜蓝图
17543,艾玛达海军电磁电压薄膜蓝图
17545,艾玛达海军热能电压薄膜蓝图
17550,联邦海军多谱式涂层蓝图
17552,联邦海军动能涂层蓝图
17554,联邦海军爆炸涂层蓝图
17556,联邦海军电磁涂层蓝图
17558,联邦海军热能涂层蓝图
17561,联邦海军停滞缠绕光束蓝图
17620,加达里海军霍克比尔级蓝图
17635,狞獾级海军型蓝图
17637,乌鸦级海军型蓝图
17649,反物质轨道弹蓝图 XL
17651,铱质轨道弹蓝图 XL
17653,铁质轨道弹蓝图 XL
17655,铅质轨道弹蓝图 XL
17657,锰质轨道弹蓝图 XL
17659,钍质轨道弹蓝图 XL
17661,钨质轨道弹蓝图 XL
17663,钼质轨道弹蓝图 XL
17665,碳铅弹蓝图 XL
17667,硬钼弹蓝图 XL
17669,电磁脉冲弹蓝图 XL
17671,聚变弹蓝图 XL
17673,核芯弹蓝图 XL
17675,定相等离子弹蓝图 XL
17677,质子弹蓝图 XL
17679,钛合金萨博弹蓝图 XL
17681,伽玛晶体蓝图 XL
17683,红外晶体蓝图 XL
17685,微波晶体蓝图 XL
17687,多频晶体蓝图 XL
17689,射频晶体蓝图 XL
17691,标准晶体蓝图 XL
17693,紫外晶体蓝图 XL
17695,X射线晶体蓝图 XL
17704,帝国海军切割机级蓝图
17706,卡尼迪海军护卫舰蓝图
17708,莫德团护卫舰蓝图
17710,启示级海军型蓝图
17714,刺客级舰队型蓝图
17716,毒蜥级蓝图
17719,幽灵级蓝图
17721,塞纳波级蓝图
17723,警惕级蓝图
17727,灾难级海军型蓝图
17729,万王宝座级海军型蓝图
17733,狂暴级舰队型蓝图
17737,噩梦级蓝图
17739,马克瑞级蓝图
17741,复仇者级蓝图
17813,共和舰队火尾鸡级蓝图
17833,联邦海军电磁装甲增强器蓝图
17835,联邦海军爆炸装甲增强器蓝图
17837,联邦海军动能装甲增强器蓝图
17839,联邦海军热能装甲增强器蓝图
17842,联邦海军彗星级蓝图
17844,狂怒者级海军型蓝图
17858,雷神超大型鱼雷蓝图
17860,鞭挞超大型鱼雷蓝图
17862,炼狱超大型鱼雷蓝图
17864,星爆超大型鱼雷蓝图
17874,星系扫描仪蓝图 I
17885,侦查星系扫描仪蓝图
17902,扫描探针发射器蓝图 II
17913,调制型露天采矿器蓝图 II
17919,响尾蛇级蓝图
17921,巴戈龙级蓝图
17923,阿什姆级蓝图
17925,魔女级蓝图
17927,凝血级蓝图
17929,夜魔侠级蓝图
17931,潜龙级蓝图
17933,德拉米尔级蓝图
17939,核心探针发射器蓝图 I
18037,艾克诺岩采集晶体蓝图 I
18039,双多特石采集晶体蓝图 I
18041,克洛基石采集晶体蓝图 I
18043,黑赭石采集晶体蓝图 I
18045,片麻岩采集晶体蓝图 I
18047,同位原矿采集晶体蓝图 I
18049,希莫非特采集晶体蓝图 I
18051,杰斯贝采集晶体蓝图 I
18053,水硼砂矿采集晶体蓝图 I
18055,基腹断岩小行星采集晶体A型蓝图 I
18057,奥贝尔石采集晶体蓝图 I
18059,斜长岩采集晶体蓝图 I
18061,干焦岩采集晶体蓝图 I
18063,灼烧岩采集晶体蓝图 I
18065,灰岩采集晶体蓝图 I
18067,凡晶石采集晶体蓝图 I
18069,调制型深层地核采矿器蓝图 II
18591,艾克诺岩采集晶体蓝图 II
18593,双多特石采集晶体蓝图 II
18595,克洛基石采集晶体蓝图 II
18597,黑赭石采集晶体蓝图 II
18599,片麻岩采集晶体蓝图 II
18601,同位原矿采集晶体蓝图 II
18603,希莫非特采集晶体蓝图 II
18605,杰斯贝采集晶体蓝图 II
18607,水硼砂矿采集晶体蓝图 II
18609,基腹断岩小行星采集晶体A型蓝图 II
18611,奥贝尔石采集晶体蓝图 II
18613,斜长岩采集晶体蓝图 II
18615,干焦岩采集晶体蓝图 II
18617,灼烧岩采集晶体蓝图 II
18619,凡晶石采集晶体蓝图 II
18625,灰岩采集晶体蓝图 II
18640,延伸探针发射器蓝图 I
19721,神示级蓝图
19723,纳迦法级蓝图
19725,莫洛级蓝图
19727,凤凰级蓝图
19740,巡航导弹发射器蓝图 II
19745,魔符级蓝图
19807,目标标记装置蓝图 II
19809,武器半自导设备蓝图
19811,外围设备武器导航范围系统蓝图
19813,平行武器导航发射器蓝图
19815,定相武器导航阵列外区发生器蓝图
19995,大天使碳铅弹蓝图 M
20003,大天使钛合金萨博弹蓝图 M
20108,金质雕塑蓝图
20126,诅咒级蓝图
20184,普罗维登斯级蓝图
20186,渡神级蓝图
20188,方尖塔级蓝图
20190,芬利厄级蓝图
20219,整合雷达ECCM扫描器阵列蓝图 I
20225,整合光雷达ECCM扫描器阵列蓝图 I
20231,整合引力ECCM扫描器阵列蓝图 I
20237,整合磁力ECCM扫描器阵列蓝图 I
20239,安全引力感应器支援集群蓝图 I
20241,盾防引力感应器支援集群蓝图 I
20243,反扰引力感应器支援集群蓝图 I
20245,安全光雷达感应器支援集群蓝图 I
20247,盾防光雷达感应器支援集群蓝图 I
20249,反扰光雷达感应器支援集群蓝图 I
20251,安全磁力感应器支援集群蓝图 I
20253,盾防磁力感应器支援集群蓝图 I
20255,反扰磁力感应器支援集群蓝图 I
20261,安全雷达感应器支援集群蓝图 I
20263,盾防雷达感应器支援集群蓝图 I
20265,反扰雷达感应器支援集群蓝图 I
20281,会战装备蓝图 I
20344,50mm钢附甲板蓝图 II
20346,100mm钢附甲板蓝图 II
20348,200mm钢附甲板蓝图 II
20350,400mm钢附甲板蓝图 II
20352,800mm钢附甲板蓝图 II
20354,1600mm钢附甲板蓝图 II
20368,走私船的伪装系统蓝图 I
20445,双联千兆级脉冲激光器蓝图 I
20447,双联千兆级集束激光器蓝图 I
20449,双联1000mm磁轨炮蓝图 I
20451,离子会战疾速炮蓝图 I
20453,六联2500mm频射加农炮蓝图 I
20455,四联3500mm会战型火炮蓝图 I
20540,超大型鱼雷发射器蓝图 I
20556,午休小型电容注电器蓝图
20558,加多特中型电容注电器蓝图
20560,勇敢者重型电容注电器蓝图
20562,尖端型雨布隐形装置蓝图 I
20564,烟幕隐秘行动隐形装置蓝图 II
20566,伪装加强型隐形装置蓝图 II
20568,二分体协处理器蓝图 I
20570,平局协处理器蓝图 I
20574,马歇尔磁力ECM蓝图
20576,赌徒光雷达ECM蓝图
20578,掠夺者引力ECM蓝图
20580,拦截雷达ECM蓝图
20582,鬼怪脉冲干扰器蓝图
20588,150mm茅斯卡特磁轨炮蓝图
20590,250mm火石磁轨炮蓝图
20592,425mm纽扣磁轨炮蓝图
20594,烽火火箭发射器蓝图
20596,绞架轻型导弹发射器蓝图
20598,长镐轻型快速导弹发射器蓝图
20600,挑战者重型导弹发射器蓝图
20602,绞架巡航导弹发射器蓝图
20604,雷暴鱼雷发射器蓝图
20606,威士忌爆炸护盾增效器蓝图
20608,正午热能护盾增效器蓝图
20610,仙人球改良型动能护盾增效器蓝图
20612,掘金者电磁护盾增效器蓝图
20614,"""甘油""护盾回充增量增效器蓝图"
20618,小型殖民者护盾回充增量器蓝图
20620,远骑兵中型护盾回充增量器蓝图
20622,放逐大型护盾回充增量器蓝图
20624,机车头超大型护盾回充增量器蓝图
20626,座狼小型护盾扩展装置蓝图
20628,陷阱小型护盾扩展装置蓝图
20630,峡谷中型护盾扩展装置蓝图
20632,警长大型护盾扩展装置蓝图
20634,金砖动能护盾增强器蓝图
20636,沙炎热能护盾增强器蓝图
20638,民团多谱式护盾增强器蓝图
20640,入侵者电磁护盾增强器蓝图
20642,蛇眼爆炸护盾增强器蓝图
20702,旗舰级装甲维修器蓝图 I
20704,旗舰级护盾回充增量器蓝图 I
21010,旗舰推进引擎蓝图
21012,旗舰炮台挂点蓝图
21014,旗舰感应器组蓝图
21018,旗舰附甲蓝图
21020,旗舰电容器电池蓝图
21022,旗舰发电机组蓝图
21024,旗舰护盾发射器蓝图
21026,旗舰跳跃引擎蓝图
21028,旗舰货柜舱蓝图
21030,旗舰无人机挂舱蓝图
21036,旗舰计算机系统蓝图
21038,旗舰建设构件蓝图
21040,旗舰会战能源阵列蓝图
21042,旗舰发射器安装座蓝图
21055,粗糙的雕刻蓝图
21095,诱导力场蓝图 I
21098,高鲁的穿梭机蓝图
21335,古斯塔斯反物质轨道弹蓝图 S
21471,1MN模拟助推加力燃烧器蓝图
21473,10MN模拟助推加力燃烧器蓝图
21475,100MN模拟助推加力燃烧器蓝图
21477,5MN数字助推微型跃迁推进器蓝图
21479,50MN数字助推微型跃迁推进器蓝图
21481,500MN数字助推微型跃迁推进器蓝图
21483,净化弹道锁定系统 I 蓝图
21485,全双工弹道控制系统蓝图
21487,宗族回转稳定器蓝图
21489,单频稳定性制动器 I 蓝图
21492,合成结构转换超载注喷器蓝图
21494,档案员有限扩充货柜蓝图
21497,合成结构转换强化舱隔壁蓝图
21499,合成船体转换惯性稳定器蓝图
21501,合成结构转换纳米纤维构架蓝图
21505,一体化小型结构维修组件蓝图
21507,一体化中型结构维修组件蓝图
21509,一体化大型结构维修组件蓝图
21511,中断跃迁扰断器蓝图
21513,勾画跃迁扰频器蓝图
21522,引力计防火墙蓝图
21524,光雷达防火墙蓝图
21526,磁力计防火墙蓝图
21528,防火墙信号放大器蓝图
21530,雷达防火墙蓝图
21535,小型衰震离子炸弹蓝图 I
21537,中型衰震离子炸弹蓝图 I
21539,大型衰震离子炸弹蓝图 I
21541,起源目标标记装置蓝图
21543,N-1氖气型火箭发射舱蓝图
21546,200mm轻型摇摆自动加农炮蓝图 I
21548,250mm轻型摇摆火炮蓝图 I
21550,280mm摇摆火炮蓝图 I
21552,425mm 中型摇摆加农炮蓝图 I
21554,650mm中型摇摆火炮蓝图 I
21556,720mm摇摆火炮蓝图 I
21558,800mm重型摇摆频射加农炮蓝图 I
21560,1200mm重型摇摆火炮蓝图 I
21562,1400mm摇摆火炮蓝图 I
21604,诱导力场发生器蓝图 I
21629,古斯塔斯穿梭机蓝图
21639,金星蓝图 II
21641,瓦尔基里蓝图 II
21854,民用装甲维修器蓝图
21856,民用扩充货柜舱蓝图
21858,1MN民用加力燃烧器蓝图
21868,星爆重型攻击导弹蓝图
21943,艾玛工厂空间站平台蓝图
21944,加达里研究哨站平台蓝图
21945,盖伦特行政空间站平台蓝图
21946,米玛塔尔服务空间站平台蓝图
21948,建筑建造组件蓝图
21950,建筑机库阵列蓝图
21952,建筑贮藏舱蓝图
21954,建筑实验室蓝图
21956,建筑工厂蓝图
21958,建筑维修设施蓝图
21960,建筑提炼工厂蓝图
21962,建筑停泊港蓝图
21964,建筑市场网络蓝图
21966,建筑医疗中心蓝图
21968,建筑办公室中心蓝图
21970,建筑任务网络蓝图
22176,数据分析仪蓝图 I
22178,遗迹分析仪蓝图 I
22230,冰矿采集器蓝图 II
22292,弹道控制系统蓝图 II
22299,装甲作战网络—损伤控制蓝图
22300,装甲作战网络—被动防护蓝图
22301,装甲作战网络—快速修理蓝图
22302,指挥处理器蓝图 I
22303,信息作战网络—电子优势蓝图
22304,信息作战网络—侦查行动蓝图
22305,信息作战网络—感应器可靠性蓝图
22306,会战作战网络—护盾协调蓝图
22307,会战作战网络—激活能量盾蓝图
22308,会战作战网络—护盾效率蓝图
22309,游击作战网络—规避机动蓝图
22310,游击作战网络—阻断机动蓝图
22311,游击作战网络—快速机动蓝图
22326,守护者数据分析仪蓝图 I
22328,法典数据分析仪蓝图 I
22330,阿尔法数据分析仪蓝图 I
22332,圣契数据分析仪蓝图 I
22429,救世级蓝图
22431,罪恶级蓝图
22437,寡妇级蓝图
22441,黑豹级蓝图
22443,曙光女神级蓝图
22445,斯雷普尼级蓝图
22447,兀鹫级蓝图
22449,救赎级蓝图
22453,异端级蓝图
22457,剑齿虎级蓝图
22461,厄里斯级蓝图
22465,飞燕级蓝图
22467,阿施塔特级蓝图
22469,月刃级蓝图
22471,夜鹰级蓝图
22475,永灭级蓝图
22477,跃迁阻止器蓝图 I
22543,采矿激光器提升器蓝图 I
22545,霍克级蓝图
22547,轻舟级蓝图
22549,麦基诺级蓝图
22554,开采先锋—采集器电容能效蓝图
22556,开采先锋—采矿激光器力场增强蓝图
22558,开采先锋—激光优化设备蓝图
22573,执政官EV-900蓝图
22577,冰矿采集能力提升器蓝图 I
22766,重型护盾维护机器人蓝图 I
22779,跃迁干扰探针蓝图
22781,乌弩舰载机蓝图
22783,拦截泡发射器蓝图 I
22853,冥府级蓝图
22876,圣光跃迁核心稳定器蓝图 I
22878,自然跃迁核心稳定器蓝图 I
22880,'毛贼'多谱式电压薄膜蓝图
22882,月光热能电压薄膜蓝图
22884,黑手党动能电压薄膜蓝图
22886,反侦测系统蓝图 I
22888,协合小型装甲维修器蓝图 I
22890,冥思中型装甲维修器蓝图 I
22892,抗击大型装甲维修器蓝图 I
22894,贡佐损伤控制装备蓝图 I
22896,阴暗感应增强器蓝图
22898,造假磁力ECCM发生器蓝图 I
22900,集团轻型电子疾速炮蓝图 I
22902,商人轻型离子疾速炮蓝图 I
22904,糜烂轻型中子疾速炮蓝图 I
22906,蛇行重型电子疾速炮蓝图I
22908,无赖重型离子疾速炮蓝图 I
22910,恶徒重型中子疾速炮蓝图 I
22912,骗子电子疾速加农炮蓝图 I
22914,残暴离子疾速加农炮蓝图 I
22916,欺瞒中子疾速加农炮蓝图 I
22918,资本磁性力场稳定器蓝图 I
22920,垄断磁性力场稳定器蓝图
22922,栖息采矿器蓝图 I
22924,野性采矿器蓝图 I
22926,私货远程感应增强器蓝图
22928,经济家索敌计算机蓝图 I
22930,集市索敌计算机蓝图
22932,旋风制导干扰器蓝图
22934,围堵索敌扰断器蓝图 I
22936,将军远距索敌计算机蓝图
22938,企业远距索敌计算机蓝图
22940,波士远程感应增强器蓝图 I
22942,促进者远程感应增强器蓝图 I
22944,经纪人远程感应抑阻器蓝图 I
22946,执行远程感应抑阻器蓝图
22948,比特尼克小型远程装甲维修器蓝图
22950,亲密中型远程装甲维修器蓝图
22952,安抚者大型远程装甲维修器蓝图
22954,卡特尔能源诊断系统蓝图 I
23056,圣殿骑士蓝图 I
23058,蜻蜓蓝图 I
23060,掷矛手蓝图 I
23062,因赫吉蓝图 I
23072,帝国海军多频晶体蓝图 S
23415,兄弟小型远程装甲维修器蓝图
23417,宁静大型远程装甲维修器蓝图
23419,激进者损伤控制蓝图
23474,胡蜂EC-900蓝图
23507,蛮妖SD-900蓝图
23511,执政官TD-900蓝图
23513,狂战士TP-900蓝图
23524,重型装甲维护机器人蓝图 I
23526,监护官蓝图 I
23528,无人机链接增效器蓝图 I
23534,全方位索敌连接蓝图 I
23537,狂战士SW-900蓝图
23560,典狱官蓝图 I
23562,卫兵蓝图 I
23564,保镖蓝图 I
23660,侍僧EV-300蓝图
23703,渗透者EV-600蓝图
23706,金星EC-600蓝图
23708,大黄蜂EC-300蓝图
23710,中型装甲维护机器人蓝图 I
23712,轻型装甲维护机器人蓝图 I
23714,战锤SD-600蓝图
23716,地精灵SD-300蓝图
23718,中型护盾维护机器人蓝图 I
23720,轻型护盾维护机器人蓝图 I
23722,瓦尔基里TP-600蓝图
23724,武士TP-300蓝图
23726,渗透者TD-600蓝图
23728,侍僧TD-300蓝图
23730,瓦尔基里SW-600蓝图
23732,武士SW-300蓝图
23736,克隆舱蓝图 I
23758,执政官级蓝图
23760,FA-14圣殿骑士蓝图
23774,拉格纳洛克级蓝图
23784,铁网100mm钢附甲板蓝图 I
23786,壁垒1600mm钢附甲板蓝图
23788,锁甲200mm钢附甲板蓝图
23790,堡垒400mm钢附甲板蓝图
23792,要塞100mm钢附甲板蓝图
23794,碉楼800mm钢附甲板蓝图
23796,甲胄小型装甲维修器蓝图 I
23798,油渣中型装甲维修器蓝图 I
23800,鲮铠大型装甲维修器蓝图 I
23802,熔炉小型电容器电池蓝图
23804,焚炉中型电容器电池蓝图
23806,侍僧大型电容器电池蓝图
23808,鞍马小型电容注电器蓝图 I
23810,马套中型电容注电器蓝图 I
23812,犁重型电容注电器蓝图 I
23814,木栅电容回充器蓝图 I
23816,小型蒺藜能量中和器蓝图
23818,中型沟渠能量中和器蓝图
23820,重型城壕能量中和器蓝图
23822,小型吸血鬼掠能器蓝图
23825,中型古墓恶灵掠能器蓝图
23830,重型食灵者掠能器蓝图
23835,权杖双联轻型集束激光器蓝图 I
23837,长弓小型聚焦脉冲激光器蓝图 I
23839,交叉火力小型聚焦集束激光器蓝图 I
23841,石弓聚焦集束激光器蓝图 I
23843,马枪重型脉冲激光器蓝图 I
23845,火枪重型集束激光器蓝图 I
23847,战戟超级脉冲激光器蓝图 I
23849,投石车超级集束激光器蓝图 I
23851,弩炮超光速粒子集束激光器蓝图 I
23853,随从小型远程电容传输装置蓝图
23855,骑士中型远程电容传输装置蓝图
23857,骑士大型远程电容传输装置蓝图
23865,长枪小型电磁脉冲立体炸弹蓝图 I
23867,战矛中型电磁脉冲立体炸弹蓝图 I
23869,战锤大型电磁脉冲立体炸弹蓝图 I
23888,梅多尔斯加强解码器蓝图
23895,佩奇电容通量线圈蓝图 I
23897,灌木电容能源继电器蓝图 I
23899,铁闸反应堆控制元件蓝图 I
23901,战车散热槽蓝图 I
23903,飞石散热槽蓝图
23912,绝念级蓝图
23914,夜神级蓝图
23916,奇美拉级蓝图
23918,飞龙级蓝图
23920,万古级蓝图
23954,跳跃通道发生器蓝图 I
24284,铁骑舰载机辅助单元蓝图 I
24306,调制型深层地核露天采矿器蓝图 II
24349,小型牵引光束器蓝图 I
24396,无人机导航电脑蓝图 I
24418,无人机导航电脑蓝图 II
24428,无人机链接增效器蓝图 II
24439,全方位索敌连接蓝图 II
24444,护盾回充增量增效器蓝图 II
24469,R.A.M. - 战列巡洋舰科技蓝图
24472,鞭挞狂乱火箭蓝图
24474,星爆狂乱火箭蓝图
24476,炼狱狂乱火箭蓝图
24484,尼铎格尔级蓝图
24487,炼狱狂乱重型攻击导弹蓝图
24489,星爆狂乱重型攻击导弹蓝图
24491,雷神狂乱重型攻击导弹蓝图
24496,鞭挞愤怒轻型导弹蓝图
24498,星爆愤怒轻型导弹蓝图
24500,炼狱愤怒轻型导弹蓝图
24502,鞭挞精准轻型导弹蓝图
24504,星爆精准轻型导弹蓝图
24506,雷神精准轻型导弹蓝图
24508,星爆愤怒重型导弹蓝图
24510,雷神愤怒重型导弹蓝图
24512,炼狱愤怒重型导弹蓝图
24514,鞭挞精准重型导弹蓝图
24516,炼狱精准重型导弹蓝图
24518,雷神精准重型导弹蓝图
24520,星爆狂乱鱼雷蓝图
24522,鞭挞狂乱鱼雷蓝图
24524,雷神狂乱鱼雷蓝图
24526,炼狱标枪鱼雷蓝图
24528,雷神标枪鱼雷蓝图
24530,鞭挞标枪鱼雷蓝图
24532,星爆愤怒巡航导弹蓝图
24534,鞭挞愤怒巡航导弹蓝图
24536,雷神愤怒巡航导弹蓝图
24538,星爆精准巡航导弹蓝图
24540,雷神精准巡航导弹蓝图
24542,鞭挞精准巡航导弹蓝图
24543,炼狱标枪火箭蓝图
24544,雷神标枪火箭蓝图
24546,旗舰跳跃桥接阵列蓝图
24548,旗舰克隆舱蓝图
24549,'赫姆达洱之咆哮'爆炸末日武器蓝图
24551,'审判之日'电磁末日武器蓝图
24553,'湮没之圣光'动能末日武器蓝图
24555,'极光之仪'热能末日武器蓝图
24557,旗舰末日武器安装位蓝图
24559,旗舰船只维护舱蓝图
24561,旗舰联合机库舱蓝图
24570,旗舰级远程装甲维修器蓝图 I
24604,星爆标枪火箭蓝图
24605,鞭挞标枪火箭蓝图
24614,鞭挞标枪重型攻击导弹蓝图
24615,炼狱标枪重型攻击导弹蓝图
24616,星爆标枪重型攻击导弹蓝图
24617,雷神标枪重型攻击导弹蓝图
24621,中型牵引光束器蓝图 I
24623,大型牵引光束器蓝图 I
24645,旗舰级牵引光束器蓝图 I
24689,鹏鲲级蓝图
24691,亥伯龙神级蓝图
24693,地狱天使级蓝图
24695,死亡漩涡级蓝图
24697,先驱者级蓝图
24699,幼龙级蓝图
24701,弥洱米顿级蓝图
24703,暴风级蓝图
25267,气云回收装置蓝图 I
25303,标准型蓝色药丸增效体蓝图
25307,加强型蓝色药丸增效体蓝图
25308,超强型蓝色药丸增效体蓝图
25309,标准型撞击感增效体蓝图
25310,加强型撞击感增效体蓝图
25311,超强型撞击感增效体蓝图
25314,标准型梦呓增效体蓝图
25322,超强型疯癫增效体蓝图
25323,标准型思维冲击增效体蓝图
25327,标准型坠落感增效体蓝图
25328,加强型坠落感增效体蓝图
25329,超强型坠落感增效体蓝图
25503,加强型X—本能增效体蓝图
25504,加强型游离感增效体蓝图
25505,加强型疯癫增效体蓝图
25506,加强型思维冲击增效体蓝图
25507,加强型梦呓增效体蓝图
25508,标准型游离感增效体蓝图
25509,标准型疯癫增效体蓝图
25510,标准型X—本能增效体蓝图
25511,超强型思维冲击增效体蓝图
25512,超强型梦呓增效体蓝图
25513,超强型X—本能增效体蓝图
25539,超强型游离感增效体蓝图
25541,丰收气云回收装置蓝图
25543,除雪机气云回收装置蓝图
25562,信号畸变放大器蓝图 I
25564,信号畸变放大器蓝图 II
25584,机密数据接口蓝图
25585,隐秘数据接口蓝图
25586,匿名数据接口蓝图
25587,加密数据接口蓝图
25716,重型攻击导弹发射器蓝图 II
25737,大型电磁装甲强化装置蓝图 I
25772,侦测探针发射器蓝图 II
25813,气云回收装置蓝图 II
25852,隐秘舰船数据接口蓝图
25854,机密舰船数据接口蓝图
25856,匿名舰船数据接口蓝图
25858,加密舰船数据接口蓝图
25862,打捞器蓝图 I
25889,大型爆炸装甲强化装置蓝图 I
25891,大型动能装甲强化装置蓝图 I
25893,大型热能装甲强化装置蓝图 I
25895,大型三角装甲聚合器蓝图 I
25897,大型辅助纳米聚合器蓝图 I
25899,大型纳米机器人加速器蓝图 I
25901,大型远程维修增效器蓝图 I
25903,大型打捞回收工具蓝图 I
25907,大型核心防御电容器安全管理装置蓝图 I
25909,大型无人机控制范围扩大装置蓝图 I
25911,大型无人机维修加速器蓝图 I
25913,大型无人机视野芯片蓝图 I
25915,大型无人机增速装置蓝图 I
25917,大型无人机耐用性增强装置蓝图 I
25919,大型无人机采矿增量器蓝图 I
25921,大型岗哨炮伤害增强设备蓝图 I
25923,大型电子无人机范围调节器蓝图 I
25925,大型停滞无人机增强设备蓝图 I
25929,大型信号干扰增效装置蓝图 I
25931,大型放射范围约束装置蓝图 I
25933,大型弥集进化演算法数据库蓝图 I
25935,大型水冷电子设备蓝图 I
25937,大型引力电容器升级蓝图 I
25949,大型电容器控制电路蓝图 I
25951,大型出口端口放大器蓝图 I
25953,大型能量栅格子程序优化器蓝图 I
25955,大型半导体记忆电池蓝图 I
25957,大型辅助电源路由器蓝图 I
25969,大型能量武器释放过滤器蓝图 I
25971,大型能量武器范围扩大设备蓝图 I
25973,大型能量武器轨迹校准设备蓝图 I
25975,大型能量武器急转控制器蓝图 I
25977,大型冷凝能量管理单元蓝图 I
25979,大型能量武器发散调节装置蓝图 I
25981,大型能量武器冲击加速器蓝图 I
25997,大型混合武器节能设备蓝图 I
25999,大型混合武器范围扩大装置蓝图 I
26001,大型混合武器轨迹校准设备蓝图 I
26003,大型混合武器急转控制器蓝图 I
26005,大型冷凝混合管理单元蓝图 I
26007,大型混合武器射速调节装置蓝图 I
26009,大型混合武器冲击加速器蓝图 I
26017,大型液压舱推进器蓝图 I
26019,发射架处理器改装件蓝图 I
26021,大型弹头强化辅助系统蓝图 I
26023,大型火箭燃料缓冲隔离装置蓝图 I
26025,导弹制导系统改装件蓝图 I
26027,大型装卸加速装置蓝图 I
26029,大型弹头爆燃辅助系统蓝图 I
26031,大型弹头加热辅助系统蓝图 I
26039,大型射弹武器范围扩大装置蓝图 I
26041,大型射弹武器轨迹校准设备蓝图 I
26043,大型射弹武器急转控制器蓝图 I
26047,大型射弹武器射速调节装置蓝图 I
26049,大型射弹武器冲击加速器蓝图 I
26057,大型动态燃料控制阀蓝图 I
26059,大型低摩擦喷嘴接口蓝图 I
26061,大型辅助推进器蓝图 I
26063,大型引擎热能防护装置蓝图 I
26065,推进剂填装管蓝图 I
26067,大型跃迁核心优化系统蓝图 I
26069,大型超空间速度调节器蓝图 I
26071,大型复合碳素引擎舱蓝图 I
26073,大型货柜舱优化改造蓝图 I
26077,大型电磁护盾强化装置蓝图 I
26079,大型爆炸护盾强化装置蓝图 I
26081,大型动能护盾强化装置蓝图 I
26083,大型热能护盾强化装置蓝图 I
26085,大型核心防御力场稳固装置蓝图 I
26087,大型核心防御操控稳定装置蓝图 I
26089,大型核心防御力场扩张装置蓝图 I
26091,大型核心防御节能装置蓝图 I
26097,大型锁定系统稳定器蓝图 I
26101,大型锁定系统辅助控制器蓝图 I
26103,大型离子力场投射器蓝图 I
26105,大型信号集中设备蓝图 I
26107,大型粒子散布放大器蓝图 I
26109,大型粒子散布投放器蓝图 I
26111,大型反信号区域投射器蓝图 I
26113,大型跟踪诊断子程序蓝图 I
26174,演示探针发射器蓝图
26287,大型电磁装甲强化装置蓝图 II
26289,大型爆炸装甲强化装置蓝图 II
26291,大型动能装甲强化装置蓝图 II
26293,大型热能装甲强化装置蓝图 II
26295,大型辅助纳米聚合器蓝图 II
26297,大型纳米机器人加速器蓝图 II
26299,大型远程维修增效器蓝图 II
26301,大型打捞回收工具蓝图 II
26303,大型三角装甲聚合器蓝图 II
26305,大型货柜舱优化改造蓝图 II
26307,大型动态燃料控制阀蓝图 II
26309,大型引擎热能防护装置蓝图 II
26311,大型低摩擦喷嘴接口蓝图 II
26313,大型复合碳素引擎舱蓝图 II
26315,推进剂填装管蓝图 II
26319,大型辅助推进器蓝图 II
26321,大型跃迁核心优化系统蓝图 II
26323,大型超空间速度调节器蓝图 II
26325,大型无人机控制范围扩大装置蓝图 II
26327,大型无人机耐用性增强装置蓝图 II
26329,大型无人机采矿增量器蓝图 II
26331,大型无人机维修加速器蓝图 II
26333,大型无人机射距芯片蓝图 II
26335,大型无人机增速装置蓝图 II
26337,大型电子无人机范围调节器蓝图 II
26339,大型岗哨炮伤害增强设备蓝图 II
26341,大型停滞无人机增强设备蓝图 II
26343,大型放射范围约束装置蓝图 II
26345,大型信号干扰增效装置蓝图 II
26347,大型弥集进化演算法数据库蓝图 II
26349,大型水冷电子设备蓝图 II
26351,大型引力电容器升级蓝图 II
26353,大型粒子散布放大器蓝图 II
26355,大型反信号区域投射器蓝图 II
26357,大型跟踪诊断子程序蓝图 II
26359,大型离子力场投射器蓝图 II
26361,大型粒子散布投放器蓝图 II
26363,大型信号集中设备蓝图 II
26365,大型锁定系统辅助控制器蓝图 II
26367,大型锁定系统稳定器蓝图 II
26369,大型出口端口放大器蓝图 II
26371,大型辅助电源路由器蓝图 II
26373,大型能量栅格子程序优化器蓝图 II
26375,大型电容器控制电路蓝图 II
26377,大型半导体记忆电池蓝图 II
26379,大型能量武器释放过滤器蓝图 II
26381,大型能量武器发散调节装置蓝图 II
26383,大型能量武器冲击加速器蓝图 II
26385,大型冷凝能量管理单元蓝图 II
26387,大型能量武器范围扩大设备蓝图 II
26389,大型能量武器轨迹校准设备蓝图 II
26391,大型能量武器急转控制器蓝图 II
26393,大型混合武器节能设备蓝图 II
26395,大型混合武器射速调节装置蓝图 II
26397,大型混合武器冲击加速器蓝图 II
26399,大型冷凝混合管理单元蓝图 II
26401,大型混合武器范围扩大装置蓝图 II
26403,大型混合武器轨迹校准设备蓝图 II
26405,大型混合武器急转控制器蓝图 II
26407,大型装卸加速装置蓝图 II
26409,发射架处理器改装件蓝图 II
26411,导弹制导系统改装件蓝图 II
26413,大型弹头爆燃辅助系统蓝图 II
26415,大型弹头强化辅助系统蓝图 II
26417,大型液压舱推进器蓝图 II
26419,大型火箭燃料缓冲隔离装置蓝图 II
26421,大型弹头加热辅助系统蓝图 II
26423,射弹武器弹轨缓冲装置蓝图 II
26425,大型射弹武器冲击加速器蓝图 II
26427,射弹武器损耗分离器蓝图 II
26429,大型射弹武器范围扩大装置蓝图 II
26431,大型射弹武器射速调节装置蓝图 II
26433,大型射弹武器轨迹校准设备蓝图 II
26435,大型射弹武器急转控制器蓝图 II
26437,大型电磁护盾强化装置蓝图 II
26439,大型爆炸护盾强化装置蓝图 II
26441,大型动能护盾强化装置蓝图 II
26443,大型热能护盾强化装置蓝图 II
26445,大型核心防御电容器安全管理装置蓝图 II
26447,大型核心防御节能装置蓝图 II
26449,大型核心防御力场扩张装置蓝图 II
26451,大型核心防御力场稳固装置蓝图 II
26453,大型核心防御操控稳定装置蓝图 II
26598,加密调制器数据接口蓝图
26600,机密调制器数据接口蓝图
26602,匿名调制器数据接口蓝图
26604,隐秘调制器数据接口蓝图
26607,民用采矿器蓝图
26759,重型攻击导弹发射器蓝图 I
26760,雷神重型攻击导弹蓝图
26761,炼狱重型攻击导弹蓝图
26762,鞭挞重型攻击导弹蓝图
26843,狂暴联赛版测试蓝图
26850,联赛版跃阻设备蓝图
26870,联赛版ECM脉冲波发生器蓝图
26889,大型机动跃迁扰断器蓝图 II
26891,中型机动跃迁扰断器蓝图 II
26893,小型机动跃迁扰断器蓝图 II
26915,大型远程装甲维修器蓝图 II
26916,中型远程装甲维修器蓝图 II
26917,小型远程装甲维修器蓝图 II
26926,无人机伤害改装件蓝图 I
26928,无人机伤害改装件蓝图 II
26930,小型处理器超频组件蓝图 I
26932,小型处理器超频组件蓝图 II
26961,感应强度改装件蓝图 I
26963,感应强度改装件蓝图 II
26965,护盾传输设备改装件蓝图 I
26967,护盾传输设备改装件蓝图 II
26984,民用打捞装置蓝图 I
27015,民用数据分析仪蓝图
27020,民用遗迹分析仪蓝图
27022,永动设备蓝图 I
27024,永动设备蓝图 II
27027,民用数据接口蓝图
27039,陶鸽子蓝图
27065,旗舰级辅助纳米聚合器蓝图 I
27067,旗舰级纳米机器人加速器蓝图 II
27069,小型远程维修增效器蓝图 I
27300,民用艾玛穿梭机蓝图
27302,民用加达里穿梭机蓝图
27304,民用盖伦特穿梭机蓝图
27306,民用米玛塔尔穿梭机蓝图
27309,空间站仓库货柜蓝图
27657,基础升级平台蓝图
27659,下层升级平台蓝图
27661,上层升级平台蓝图
27663,艾玛基础空间站车间平台蓝图
27665,艾玛高级空间站车间平台蓝图
27667,艾玛空间站车间平台蓝图
27677,天使控制塔蓝图
27679,ECM干扰脉冲波投射器蓝图
27680,天使中型控制塔蓝图
27681,天使小型控制塔蓝图
27682,血袭者控制塔蓝图
27684,血袭者中型控制塔蓝图
27685,血袭者小型控制塔蓝图
27688,黑暗血袭者控制塔蓝图
27689,黑暗血袭者中型控制塔蓝图
27690,黑暗血袭者小型控制塔蓝图
27694,主天使中型控制塔蓝图
27695,主天使控制塔蓝图
27696,主天使小型控制塔蓝图
27697,古斯塔斯小型控制塔蓝图
27698,古斯塔斯中型控制塔蓝图
27699,古斯塔斯控制塔蓝图
27703,恐惧古斯塔斯小型控制塔蓝图
27704,恐惧古斯塔斯中型控制塔蓝图
27705,恐惧古斯塔斯控制塔蓝图
27706,天蛇控制塔蓝图
27707,天蛇中型控制塔蓝图
27708,天蛇小型控制塔蓝图
27712,暗影中型控制塔蓝图
27713,暗影控制塔蓝图
27714,暗影小型控制塔蓝图
27781,萨沙控制塔蓝图
27783,萨沙中型控制塔蓝图
27785,萨沙小型控制塔蓝图
27787,萨沙爱国者控制塔蓝图
27789,萨沙爱国者中型控制塔蓝图
27791,萨沙爱国者小型控制塔蓝图
27807,萨沙大型脉冲激光炮台蓝图
27808,萨沙大型集束激光炮台蓝图
27809,萨沙中型集束激光炮台蓝图
27810,萨沙中型脉冲激光炮台蓝图
27811,萨沙小型脉冲激光炮台蓝图
27812,萨沙小型集束激光炮台蓝图
27813,萨沙爱国者小型集束激光炮台蓝图
27814,萨沙爱国者小型脉冲激光炮台蓝图
27815,萨沙爱国者中型脉冲激光炮台蓝图
27816,萨沙爱国者中型集束激光炮台蓝图
27817,萨沙爱国者大型脉冲激光炮台蓝图
27818,萨沙爱国者大型集束激光炮台蓝图
27819,血袭者大型集束激光炮台蓝图
27820,血袭者大型脉冲激光炮台蓝图
27821,血袭者中型集束激光炮台蓝图
27822,血袭者中型脉冲激光炮台蓝图
27823,血袭者小型集束激光炮台蓝图
27824,血袭者小型脉冲激光炮台蓝图
27825,黑暗血袭者大型集束激光炮台蓝图
27826,黑暗血袭者大型脉冲激光炮台蓝图
27827,黑暗血袭者中型集束激光炮台蓝图
27828,黑暗血袭者中型脉冲激光炮台蓝图
27829,黑暗血袭者小型集束激光炮台蓝图
27830,黑暗血袭者小型脉冲激光炮台蓝图
27831,天使大型火炮塔台蓝图
27832,天使大型自动加农炮塔台蓝图
27833,天使中型自动加农炮塔台蓝图
27834,天使小型自动加农炮塔台蓝图
27835,天使中型火炮塔台蓝图
27836,天使小型火炮塔台蓝图
27837,主天使小型火炮塔台蓝图
27838,主天使中型火炮塔台蓝图
27839,主天使大型火炮塔台蓝图
27840,主天使大型自动加农炮塔台蓝图
27841,主天使中型自动加农炮塔台蓝图
27842,主天使小型自动加农炮塔台蓝图
27843,天蛇大型磁轨炮台蓝图
27844,天蛇中型磁轨炮台蓝图
27845,天蛇小型磁轨炮台蓝图
27846,天蛇小型疾速炮台蓝图
27847,天蛇中型疾速炮台蓝图
27848,天蛇大型疾速炮台蓝图
27849,暗影大型疾速炮台蓝图
27850,暗影大型磁轨炮台蓝图
27851,暗影中型磁轨炮台蓝图
27852,暗影中型疾速炮台蓝图
27853,暗影小型疾速炮台蓝图
27854,暗影小型磁轨炮台蓝图
27859,古斯塔斯离子力场投射台蓝图
27860,古斯塔斯白噪发生器台站蓝图
27861,古斯塔斯空间扰乱发射器蓝图
27862,古斯塔斯相位倒置接收塔蓝图
27863,恐惧古斯塔斯相位倒置接收塔蓝图
27864,恐惧古斯塔斯离子力场投射台蓝图
27865,恐惧古斯塔斯空间扰乱发射器蓝图
27866,恐惧古斯塔斯白噪发生器台站蓝图
27867,天蛇跃迁扰频波发射台蓝图
27868,天蛇跃迁扰断波发射台蓝图
27869,暗影跃迁扰断波发射台蓝图
27870,暗影跃迁扰频波发射台蓝图
27871,天使停滞网状光束发射台蓝图
27872,主天使停滞网状光束发射台蓝图
27873,天蛇感应抑阻波发射台蓝图
27874,暗影感应抑阻波发射台蓝图
27875,血袭者能量中和波发射台蓝图
27876,黑暗血袭者能量中和波发射台蓝图
27877,萨沙能量中和波发射台蓝图
27878,萨沙爱国者能量中和波发射台蓝图
27905,大型远程结构维修器蓝图 I
27913,震荡炸弹蓝图
27915,炸弹发射器蓝图 I
27917,灼烧炸弹蓝图
27919,榴霰炸弹蓝图
27921,电子炸弹蓝图
27923,锁断者炸弹蓝图
27925,涅槃炸弹蓝图
27931,中型远程结构维修器蓝图 I
27933,小型远程结构维修器蓝图 I
27935,旗舰级远程结构维修器蓝图 I
27938,加达里基础空间站车间平台蓝图
27940,盖伦特基础空间站车间平台蓝图
27942,米玛塔尔基础空间站车间平台蓝图
27944,古斯塔斯超大型鱼雷发射塔蓝图
27945,古斯塔斯鱼雷发射塔蓝图
27946,古斯塔斯巡航导弹发射塔蓝图
27947,恐惧古斯塔斯巡航导弹发射塔蓝图
27948,恐惧古斯塔斯鱼雷发射塔蓝图
27949,恐惧古斯塔斯超大型鱼雷发射塔蓝图
27952,会战型紧急修复增强模块蓝图 I
27958,加达里空间站车间平台蓝图
27960,加达里高级空间站车间平台蓝图
27962,艾玛基础空间站工厂平台蓝图
27964,艾玛空间站工厂平台蓝图
27966,艾玛高级空间站工厂平台蓝图
27968,盖伦特空间站车间平台蓝图
27970,盖伦特高级空间站车间平台蓝图
27972,米玛塔尔空间站车间平台蓝图
27974,米玛塔尔高级空间站车间平台蓝图
27976,盖伦特空间站工厂平台蓝图
27978,盖伦特高级空间站工厂平台蓝图
27980,米玛塔尔空间站工厂平台蓝图
27982,米玛塔尔高级空间站工厂平台蓝图
27984,盖伦特基础空间站工厂平台蓝图
27986,米玛塔尔基础空间站工厂平台蓝图
27988,艾玛基础空间站实验室平台蓝图
27990,艾玛空间站实验室平台蓝图
27992,艾玛高级空间站实验室平台蓝图
27994,加达里基础空间站实验室平台蓝图
27996,加达里空间站实验室平台蓝图
27998,加达里高级空间站实验室平台蓝图
28000,加达里基础空间站研究设施平台蓝图
28002,加达里空间站研究设施平台蓝图
28004,加达里高级空间站研究设施平台蓝图
28006,盖伦特基础空间站实验室平台蓝图
28008,盖伦特空间站实验室平台蓝图
28010,盖伦特高级空间站实验室平台蓝图
28012,米玛塔尔基础空间站实验室平台蓝图
28014,米玛塔尔空间站实验室平台蓝图
28016,米玛塔尔高级空间站实验室平台蓝图
28018,艾玛基础空间站精炼平台蓝图
28020,艾玛空间站精炼平台蓝图
28022,艾玛高级空间站精炼平台蓝图
28024,加达里基础空间站精炼平台蓝图
28026,加达里空间站精炼平台蓝图
28028,加达里高级空间站精炼平台蓝图
28030,盖伦特基础空间站精炼平台蓝图
28032,盖伦特空间站精炼平台蓝图
28034,盖伦特高级空间站精炼平台蓝图
28036,米玛塔尔基础空间站精炼平台蓝图
28038,米玛塔尔空间站精炼平台蓝图
28040,米玛塔尔高级空间站精炼平台蓝图
28042,艾玛基础空间站办公室平台蓝图
28044,艾玛空间站办公室平台蓝图
28046,艾玛高级空间站办公室平台蓝图
28048,加达里基础空间站办公室平台蓝图
28050,加达里空间站办公室平台蓝图
28052,加达里高级空间站办公室平台蓝图
28054,盖伦特基础空间站办公室平台蓝图
28056,盖伦特空间站办公室平台蓝图
28058,盖伦特高级空间站办公室平台蓝图
28060,米玛塔尔基础空间站办公室平台蓝图
28062,米玛塔尔空间站办公室平台蓝图
28064,米玛塔尔高级空间站办公室平台蓝图
28198,重型装甲维护机器人蓝图 II
28200,重型护盾维护机器人蓝图 II
28202,轻型装甲维护机器人蓝图 II
28204,轻型护盾维护机器人蓝图 II
28206,中型装甲维护机器人蓝图 II
28208,中型护盾维护机器人蓝图 II
28210,典狱官蓝图 II
28212,卫兵蓝图 II
28214,监护官蓝图 II
28216,保镖蓝图 II
28263,集成型侍僧蓝图
28265,加强型侍僧蓝图
28267,集成型狂战士蓝图
28269,加强型狂战士蓝图
28271,集成型战锤蓝图
28273,加强型战锤蓝图
28275,集成型地精灵蓝图
28277,加强型地精灵蓝图
28279,集成型大黄蜂蓝图
28281,加强型大黄蜂蓝图
28283,集成型渗透者蓝图
28285,加强型渗透者蓝图
28287,集成型蛮妖蓝图
28289,加强型蛮妖蓝图
28291,集成型执政官蓝图
28293,加强型执政官蓝图
28295,集成型瓦尔基里蓝图
28297,加强型瓦尔基里蓝图
28299,集成型金星蓝图
28301,加强型金星蓝图
28303,集成型武士蓝图
28305,加强型武士蓝图
28307,集成型胡蜂蓝图
28309,加强型胡蜂蓝图
28325,共和舰队碳铅弹蓝图 L
28327,共和舰队碳铅弹蓝图 M
28329,共和舰队碳铅弹蓝图 S
28331,共和舰队碳铅弹蓝图 XL
28333,共和舰队硬钼弹蓝图 L
28335,共和舰队硬钼弹蓝图 M
28337,共和舰队硬钼弹蓝图 S
28339,共和舰队硬钼弹蓝图 XL
28353,长须鲸级蓝图
28368,高密度艾克诺岩蓝图
28376,共和舰队重型攻击导弹发射器蓝图
28378,加达里海军重型攻击导弹发射器蓝图
28380,主天使重型攻击导弹发射器蓝图
28382,恐惧古斯塔斯重型攻击导弹发射器蓝图
28384,萨沙爱国者重型攻击导弹发射器蓝图
28386,高密度红色艾克诺岩蓝图
28448,高密度艾克诺精华岩蓝图
28449,高密度双多特石蓝图
28450,高密度单晶双多特斜岩蓝图
28451,高密度三晶双多特斜岩蓝图
28452,高密度克洛基石蓝图
28453,高密度克洛基水晶蓝图
28454,高密度斜克洛基石蓝图
28455,高密度黑赭石蓝图
28456,高密度黑曜赭石蓝图
28457,高密度条纹赭蓝图
28458,高密度片麻岩蓝图
28459,高密度彩色片麻岩蓝图
28460,高密度棱柱片麻岩蓝图
28461,高密度同位原矿蓝图
28462,高密度光面同位原矿蓝图
28463,高密度玻璃状同位原矿蓝图
28464,高密度希莫非特蓝图
28465,高密度辐射希莫非特蓝图
28466,高密度多色希莫非特蓝图
28467,高密度杰斯贝矿蓝图
28468,高密度朴质杰斯贝矿蓝图
28469,高密度纯杰斯贝矿蓝图
28470,高密度水硼砂蓝图
28471,高密度灼热水硼砂蓝图
28472,高密度发光水硼砂蓝图
28473,高密度基腹断岩岩浆蓝图
28474,高密度基腹断岩蓝图
28475,高密度玻璃化基腹断岩蓝图
28476,高密度奥贝尔石蓝图
28477,高密度金色奥贝尔石蓝图
28478,高密度银色奥贝尔石蓝图
28479,高密度蓝色斜长岩蓝图
28480,高密度斜长岩蓝图
28481,高密度富斜长岩蓝图
28482,高密度干焦岩蓝图
28483,高密度固体干焦岩蓝图
28484,高密度流体干焦岩蓝图
28485,高密度浓缩灼烧岩蓝图
28486,高密度厚灼烧岩蓝图
28487,高密度灼烧岩蓝图
28488,高密度亮灰岩蓝图
28489,高密度发光灰岩蓝图
28490,高密度灰岩蓝图
28491,高密度富凡晶石蓝图
28492,高密度厚质凡晶石蓝图
28493,高密度凡晶石蓝图
28494,高密度蓝冰矿蓝图
28495,高密度清冰锥蓝图
28496,高密度黑闪冰蓝图
28497,高密度富清冰蓝图
28498,高密度加里多斯冰矿蓝图
28499,高密度聚合冰体蓝图
28500,高密度电冰体蓝图
28501,高密度冰晶矿蓝图
28502,高密度朴白釉冰蓝图
28503,高密度光滑聚合冰蓝图
28504,高密度粗蓝冰蓝图
28505,高密度白釉冰蓝图
28512,卡尼迪海军火箭发射器蓝图
28515,卡尼迪海军停滞缠绕光束蓝图
28517,卡尼迪海军跃迁扰断器蓝图
28519,卡尼迪海军跃迁扰频器蓝图
28521,卡尼迪海军多谱式涂层蓝图
28523,卡尼迪海军电磁装甲增强器蓝图
28525,卡尼迪海军爆炸装甲增强器蓝图
28527,卡尼迪海军动能装甲增强器蓝图
28529,卡尼迪海军热能装甲增强器蓝图
28531,卡尼迪海军电容回充器蓝图
28533,卡尼迪海军电容能源继电器蓝图
28535,卡尼迪海军多谱式电压薄膜蓝图
28537,卡尼迪海军动能电压薄膜蓝图
28539,卡尼迪海军爆炸电压薄膜蓝图
28541,卡尼迪海军电磁电压薄膜蓝图
28543,卡尼迪海军热能电压薄膜蓝图
28546,卡尼迪海军大型EMP立体炸弹蓝图
28548,卡尼迪海军动能涂层蓝图
28551,卡尼迪海军中型EMP立体炸弹蓝图
28553,卡尼迪海军爆炸涂层蓝图
28555,卡尼迪海军电磁涂层蓝图
28558,卡尼迪海军小型EMP立体炸弹蓝图
28560,卡尼迪海军热能涂层蓝图
28562,卡尼迪海军协处理器蓝图
28564,卡尼迪海军弹道控制系统蓝图
28566,卡尼迪海军重型攻击导弹发射器蓝图
28577,采矿激光器提升器蓝图 II
28579,冰矿采集能力提升器蓝图 II
28584,旗舰工业核心蓝图 I
28605,设计实验室蓝图
28607,逆戟鲸级蓝图
28613,行星人造卫星蓝图
28647,隐秘诱导力场发生器蓝图 I
28651,隐秘诱导力场蓝图 I
28653,隐秘跳跃通道发生器蓝图 I
28655,跃迁扰断力场发生器蓝图 I
28660,帕拉丁级蓝图
28662,克洛诺斯级蓝图
28666,恶狼级蓝图
28671,合成型蓝色药丸增效体蓝图
28673,合成型撞击感增效体蓝图
28675,合成型坠落感增效体蓝图
28677,合成型游离感增效体蓝图
28679,合成型疯癫增效体蓝图
28681,合成型思维冲击增效体蓝图
28683,合成型X—本能增效体蓝图
28685,合成型梦呓增效体蓝图
28711,魔像级蓝图
28730,莫德团磁力ECM蓝图
28732,莫德团多谱式ECM蓝图
28734,莫德团雷达ECM
28736,莫德团引力ECM蓝图
28738,莫德团雷达ECM蓝图
28741,图克尔微型辅助能源核心蓝图
28743,图克尔小型护盾扩展装置蓝图
28745,图克尔护盾扩展装置蓝图 I
28747,图克尔中型护盾扩展装置蓝图
28749,外空联合矿业深层地核采矿激光器蓝图
28751,外空联合矿业采矿器蓝图
28753,外空联合矿业冰矿采集器蓝图
28755,外空联合矿业露天采矿器蓝图
28757,姐妹会延伸探针发射器蓝图
28759,姐妹会核心探针发射器蓝图
28771,大型辛迪加机动跃迁扰断器蓝图
28773,中型辛迪加机动跃迁扰断器蓝图
28775,小型辛迪加机动跃迁扰断器蓝图
28777,辛迪加反应堆控制元件蓝图
28779,辛迪加100mm钢附甲板蓝图
28781,辛迪加1600mm钢附甲板蓝图
28783,辛迪加200mm钢附甲板蓝图
28785,辛迪加400mm钢附甲板蓝图
28787,辛迪加800mm钢附甲板蓝图
28789,辛迪加气云回收装置蓝图
28845,奥鸟级蓝图
28847,游牧者级蓝图
28849,安莎尔级蓝图
28851,方舟级蓝图
28889,采矿激光优化蓝图 I
28891,采矿激光优化蓝图 II
28893,采矿激光范围调整蓝图 I
28895,采矿激光范围调整蓝图 II
29000,最佳射程提升脚本蓝图
29002,跟踪速度修正脚本蓝图
29004,聚焦跃迁干扰脚本蓝图
29006,最佳射程干扰脚本蓝图
29008,跟踪速度干扰脚本蓝图
29010,锁定距离修正脚本蓝图
29012,扫描分辨率修正脚本蓝图
29014,扫描分辨率抑阻脚本蓝图
29016,锁定距离抑阻脚本蓝图
29040,旗舰级反物质反应堆单元蓝图
29042,旗舰级碳化晶体附甲蓝图
29044,旗舰级偏阻护盾发射器蓝图
29046,旗舰级电解电容器单元蓝图
29048,旗舰级电磁脉冲发生器蓝图
29050,旗舰级碳化菲尔金属合成物附甲蓝图
29052,旗舰级聚变反应堆机组蓝图
29054,旗舰级聚变推进器蓝图
29056,旗舰级引力感应器组蓝图
29058,旗舰级引力子脉冲发生器蓝图
29060,旗舰级引力子反应堆机组蓝图
29062,旗舰级离子推进器蓝图
29064,旗舰级激光器定焦水晶蓝图
29066,旗舰级光雷达感应器集群蓝图
29068,旗舰级线性护盾能量发射器蓝图
29070,旗舰级磁力感应器组蓝图
29072,旗舰级磁脉冲推进器蓝图
29074,旗舰级纳米电子微处理器蓝图
29076,旗舰级纳米机械微处理器蓝图
29078,旗舰级核脉冲发生器蓝图
29080,旗舰级核反应堆机组蓝图
29082,旗舰级震荡电容器单元蓝图
29084,旗舰级粒子加速装置蓝图
29086,旗舰级光子微处理器蓝图
29088,旗舰级等离子脉冲发生器蓝图
29090,旗舰级等离子推进器蓝图
29092,旗舰级脉冲护盾发射器蓝图
29094,旗舰级量子微处理器蓝图
29096,旗舰级雷达感应器组蓝图
29098,旗舰级标量电容器单元蓝图
29100,旗舰级超导体轨道蓝图
29102,旗舰级恒定护盾发射器蓝图
29104,旗舰级超立方电容器单元蓝图
29106,旗舰级热核反应击发装置蓝图
29108,旗舰级迪波特钛合金附甲蓝图
29110,旗舰级碳化钨附甲蓝图
29204,特制的奥古米内解毒剂蓝图
29227,基础机器人蓝图
29249,富豪级蓝图
29267,神圣穿梭机蓝图
29329,艾玛传媒穿梭机蓝图
29331,加达里传媒穿梭机蓝图
29333,盖伦特传媒穿梭机蓝图
29335,米玛塔尔传媒穿梭机蓝图
29338,奥格诺级海军型蓝图
29339,镰刀级舰队型蓝图
29341,鱼鹰级海军型蓝图
29345,送葬者级海军型蓝图
29985,金鹏级蓝图
29987,圣卒级蓝图
29989,海神级蓝图
29991,洛基级蓝图
29993,优化纳米引擎蓝图
29995,战斗计算核心蓝图
29997,应变神经可视接口蓝图
30003,富勒烯夹页蓝图
30009,加强型金属富勒烯合金蓝图
30014,核心扫描探针蓝图 I
30029,作战扫描探针蓝图 I
30037,旧圣卒电子 - 能量寄取复合体蓝图
30039,旧圣卒电子 - 战术寻的网络蓝图
30041,旧圣卒电子 - 散解程控装置蓝图
30043,旧圣卒电子 - 出射光轨迹分析仪蓝图
30047,旧金鹏电子 - 干扰管蓝图
30049,旧金鹏电子 - CPU效能组合逻辑元件蓝图
30051,旧金鹏电子 - 散解程控装置蓝图
30053,旧金鹏电子 - 自发轨迹分析仪蓝图
30057,旧海神电子 - 分歧缓散处理器蓝图
30059,旧海神电子 - CPU效能组合逻辑元件蓝图
30061,旧海神电子 - 散解程控装置蓝图
30063,旧海神电子 - 出射光轨迹分析仪蓝图
30067,旧洛基电子 - 停滞光束驱动器蓝图
30069,旧洛基电子 - 战术寻敌网络蓝图
30071,旧洛基电子 - 散解程控装置蓝图
30073,旧洛基电子 - 出射光轨迹分析仪蓝图
30077,旧圣卒推进 - 机舱优化蓝图
30079,旧圣卒推进 - 燃料催化器蓝图
30081,旧圣卒推进 - 尾迹抑制器蓝图
30083,旧圣卒推进 - 拦截湮灭者蓝图
30087,旧金鹏推进 - 间层纳米纤维蓝图
30089,旧金鹏推进 - 重力电容器蓝图
30091,旧金鹏推进 - 燃料催化器蓝图
30093,旧金鹏推进 - 拦截湮灭者蓝图
30097,旧海神推进 - 尾迹抑制器蓝图
30099,旧海神推进 - 分布喷注器蓝图
30101,旧海神推进 - 重力电容器蓝图
30103,旧海神推进 - 拦截湮灭者蓝图
30107,旧洛基推进 - 机舱优化蓝图
30109,旧洛基推进 - 间层纳米纤维蓝图
30111,旧洛基推进 - 燃料催化器蓝图
30113,旧洛基推进 - 拦截湮灭者蓝图
30140,旧金鹏工程 - 能源核心倍增器蓝图
30142,旧金鹏工程 - 增强电容存储器蓝图
30144,旧金鹏工程 - 电容回充矩阵蓝图
30146,旧金鹏工程 - 补助冷凝喷注器蓝图
30150,旧海神工程 - 能源核心倍增器蓝图
30152,旧海神工程 - 增强电容存储器蓝图
30154,旧海神工程 - 电容回充矩阵蓝图
30156,旧海神工程 - 补助冷凝喷注器蓝图
30160,旧洛基工程 - 能源核心倍增器蓝图
30162,旧洛基工程 - 增强电容存储器蓝图
30164,旧洛基工程 - 电容回充矩阵蓝图
30166,旧洛基工程 - 补助冷凝喷注器蓝图
30170,旧圣卒工程 - 能源核心倍增器蓝图
30172,旧圣卒工程 - 增强电容存储器蓝图
30174,旧圣卒工程 - 电容回充矩阵蓝图
30176,旧圣卒工程 - 补助冷凝喷注器蓝图
30187,完整的推进器
30227,旧圣卒防御 - 自适应增变器蓝图
30228,旧圣卒防御 - 纳米机器人喷注器蓝图
30229,旧圣卒防御 - 增强装甲板蓝图
30230,旧圣卒防御 - 作战处理器蓝图
30232,旧金鹏防御 - 自适应护盾蓝图
30233,旧金鹏防御 - 放大节点蓝图
30234,旧金鹏防御 - 辅助保护幕墙蓝图
30235,旧金鹏防御 - 作战处理器蓝图
30237,旧海神防御 - 自适应增变器蓝图
30238,旧海神防御 - 纳米机器人喷注器蓝图
30239,旧海神防御 - 增强无人机装甲板蓝图
30240,旧海神防御 - 作战处理器蓝图
30242,旧洛基防御 - 自适应护盾蓝图
30243,旧洛基防御 - 自适应增变器蓝图
30244,旧洛基防御 - 放大节点蓝图
30245,旧洛基防御 - 作战处理器蓝图
30329,民用停滞缠绕光束蓝图
30343,民用热能护盾增强器蓝图
30387,R.Db. 混合技术蓝图
30392,旧圣卒攻击 - 无人机合成投射装置蓝图
30393,旧圣卒攻击 - 攻击导弹优化器蓝图
30394,旧圣卒攻击 - 液晶放大器蓝图
30395,旧圣卒攻击 - 隐形优化器蓝图
30397,旧金鹏攻击 - 加速弹射舱蓝图
30398,旧金鹏攻击 - 膛线发射器蓝图
30399,旧金鹏攻击 - 磁性注入闸蓝图
30400,旧金鹏攻击 - 隐形优化器蓝图
30402,旧海神攻击 - 加密波形解码平台蓝图
30403,旧海神攻击 - 混合推进电枢蓝图
30404,旧海神攻击 - 无人机合成投射装置蓝图
30405,旧海神攻击 - 隐形优化器蓝图
30407,旧洛基攻击 - 炮台同步控制台蓝图
30408,旧洛基攻击 - 弹道描迹阵列蓝图
30409,旧洛基攻击 - 挂载点增效装置蓝图
30410,旧洛基攻击 - 隐形优化器蓝图
30421,民用电磁护盾增强器蓝图
30423,民用爆炸护盾增强器蓝图
30425,民用动能护盾增强器蓝图
30465,金属富勒烯附甲蓝图
30467,机械电子接口节点蓝图
30471,神经视觉输出分析机蓝图
30475,纳米线复合材料蓝图
30477,富勒二茂铁能量导管蓝图
30479,重配置的亚空间校准器蓝图
30558,失灵的推进器
30562,毁坏的推进器
30582,完整的能源核心
30586,失灵的能源核心
30588,毁坏的能源核心
30599,完整的电动机械组件
30600,失灵的电动机械组件
30605,毁坏的电动机械组件
30614,完整的装甲纳米机器人
30615,失灵的装甲纳米机器人
30618,毁坏的装甲纳米机器人
30628,完整的武器子程序
30632,失灵的武器子程序
30633,毁坏的武器子程序
30752,完整的船体舱段
30753,失灵的船体舱段
30754,毁坏的船体舱段
30833,遗迹分析仪蓝图 II
30835,数据分析仪蓝图 II
30837,打捞器蓝图 II
30840,民用损伤控制装备蓝图
30843,星际捷运穿梭机蓝图
30988,小型三角装甲聚合器蓝图 I
30994,旗舰级三角装甲聚合器蓝图 I
30998,小型电磁装甲强化装置蓝图 I
31000,中型电磁装甲强化装置蓝图 I
31002,旗舰级电磁装甲强化装置蓝图 I
31004,小型电磁装甲强化装置蓝图 II
31006,中型电磁装甲强化装置蓝图 II
31008,旗舰级电磁装甲强化装置蓝图 II
31010,小型爆炸装甲强化装置蓝图 I
31012,中型爆炸装甲强化装置蓝图 I
31014,旗舰级爆炸装甲强化装置蓝图 I
31016,小型爆炸装甲强化装置蓝图 II
31018,中型爆炸装甲强化装置蓝图 II
31020,旗舰级爆炸装甲强化装置蓝图 II
31022,小型动能装甲强化装置蓝图 I
31024,中型动能装甲强化装置蓝图 I
31026,旗舰级动能装甲强化装置蓝图 I
31028,小型动能装甲强化装置蓝图 II
31030,中型动能装甲强化装置蓝图 II
31032,旗舰级动能装甲强化装置蓝图 II
31034,小型热能装甲强化装置蓝图 I
31036,中型热能装甲强化装置蓝图 I
31038,旗舰级热能装甲强化装置蓝图 I
31040,小型热能装甲强化装置蓝图 II
31042,中型热能装甲强化装置蓝图 II
31044,旗舰级热能装甲强化装置蓝图 II
31046,小型辅助纳米聚合器蓝图 I
31048,中型辅助纳米聚合器蓝图 I
31050,旗舰级辅助纳米聚合器蓝图 II
31052,小型辅助纳米聚合器蓝图 II
31054,中型辅助纳米聚合器蓝图 II
31056,中型三角装甲聚合器蓝图 I
31058,小型三角装甲聚合器蓝图 II
31060,中型三角装甲聚合器蓝图 II
31062,旗舰级三角装甲聚合器蓝图 II
31064,小型纳米机器人加速器蓝图 I
31066,中型纳米机器人加速器蓝图 I
31068,旗舰级纳米机器人加速器蓝图 I
31070,小型纳米机器人加速器蓝图 II
31072,中型纳米机器人加速器蓝图 II
31074,中型远程维修增效器蓝图 I
31076,旗舰级远程维修增效器蓝图 I
31078,小型远程维修增效器蓝图 II
31080,中型远程维修增效器蓝图 II
31082,旗舰级远程维修增效器蓝图 II
31084,小型打捞回收工具蓝图 I
31086,中型打捞回收工具蓝图 I
31088,旗舰级打捞回收工具蓝图 I
31090,小型打捞回收工具蓝图 II
31092,中型打捞回收工具蓝图 II
31094,旗舰级打捞回收工具蓝图 II
31106,小型辅助推进器蓝图 I
31108,中型辅助推进器蓝图 I
31110,旗舰级辅助推进器蓝图 I
31112,小型辅助推进器蓝图 II
31114,中型辅助推进器蓝图 II
31116,旗舰级辅助推进器蓝图 II
31118,小型货柜舱优化改造蓝图 I
31120,中型货柜舱优化改造蓝图 I
31122,旗舰级货柜舱优化改造蓝图 I
31124,小型货柜舱优化改造蓝图 II
31126,中型货柜舱优化改造蓝图 II
31128,旗舰级货柜舱优化改造蓝图 II
31130,小型动态燃料控制阀蓝图 I
31132,中型动态燃料控制阀蓝图 I
31134,旗舰级动态燃料控制阀蓝图 I
31136,小型动态燃料控制阀蓝图 II
31138,中型动态燃料控制阀蓝图 II
31140,旗舰级动态燃料控制阀蓝图 II
31142,小型引擎热能防护装置蓝图 I
31144,中型引擎热能防护装置蓝图 I
31146,旗舰级引擎热能防护装置蓝图 I
31148,小型引擎热能防护装置蓝图 II
31150,中型引擎热能防护装置蓝图 II
31152,旗舰级引擎热能防护装置蓝图 II
31154,小型低摩擦喷嘴接口蓝图 I
31156,中型低摩擦喷嘴接口蓝图 I
31158,旗舰级低摩擦喷嘴接口蓝图 I
31160,小型超空间速度调节器蓝图 I
31162,中型超空间速度调节器蓝图 I
31164,旗舰级超空间速度调节器蓝图 I
31166,小型超空间速度调节器蓝图 II
31168,中型超空间速度调节器蓝图 II
31170,旗舰级超空间速度调节器蓝图 II
31172,小型低摩擦喷嘴接口蓝图 II
31174,中型低摩擦喷嘴接口蓝图 II
31176,旗舰级低摩擦喷嘴接口蓝图 II
31178,小型复合碳素引擎舱蓝图 I
31180,中型复合碳素引擎舱蓝图 I
31182,旗舰级复合碳素引擎舱蓝图 I
31184,小型复合碳素引擎舱蓝图 II
31186,中型复合碳素引擎舱蓝图 II
31188,旗舰级复合碳素引擎舱蓝图 II
31190,小型跃迁核心优化系统蓝图 I
31192,中型跃迁核心优化系统蓝图 I
31194,旗舰级跃迁核心优化系统蓝图 I
31196,小型跃迁核心优化系统蓝图 II
31198,中型跃迁核心优化系统蓝图 II
31200,旗舰级跃迁核心优化系统蓝图 II
31202,小型放射范围约束装置蓝图 I
31204,中型放射范围约束装置蓝图 I
31206,旗舰级放射范围约束装置蓝图 I
31208,小型放射范围约束装置蓝图 II
31210,中型放射范围约束装置蓝图 II
31212,旗舰级放射范围约束装置蓝图 II
31214,小型引力电容器升级蓝图 I
31216,中型引力电容器升级蓝图 I
31218,旗舰级引力电容器升级蓝图 I
31221,小型引力电容器升级蓝图 II
31223,中型引力电容器升级蓝图 II
31225,旗舰级引力电容器升级蓝图 II
31227,小型水冷电子设备蓝图 I
31229,中型水冷电子设备蓝图 I
31231,旗舰级水冷电子设备蓝图 I
31233,小型水冷电子设备蓝图 II
31235,中型水冷电子设备蓝图 II
31237,旗舰级水冷电子设备蓝图 II
31239,小型弥集进化演算法数据库蓝图 I
31241,中型弥集进化演算法数据库蓝图 I
31243,旗舰级弥集进化演算法数据库蓝图 I
31245,小型弥集进化演算法数据库蓝图 II
31247,中型弥集进化演算法数据库蓝图 II
31249,旗舰级弥集进化演算法数据库蓝图 II
31251,小型信号干扰增效装置蓝图 I
31253,中型信号干扰增效装置蓝图 I
31255,旗舰级信号干扰增效装置蓝图 I
31257,小型信号干扰增效装置蓝图 II
31259,中型信号干扰增效装置蓝图 II
31261,旗舰级信号干扰增效装置蓝图 II
31263,小型反信号区域投射器蓝图 I
31265,中型反信号区域投射器蓝图 I
31267,旗舰级反信号区域投射器蓝图 I
31269,小型反信号区域投射器蓝图 II
31271,中型反信号区域投射器蓝图 II
31273,旗舰级反信号区域投射器蓝图 II
31275,小型离子力场投射器蓝图 I
31277,中型离子力场投射器蓝图 I
31279,旗舰级离子力场投射器蓝图 I
31281,小型离子力场投射器蓝图 II
31283,中型离子力场投射器蓝图 II
31285,旗舰级离子力场投射器蓝图 II
31287,小型粒子散布放大器蓝图 I
31289,中型粒子散布放大器蓝图 I
31291,旗舰级粒子散布放大器蓝图 I
31293,小型粒子散布放大器蓝图 II
31295,中型粒子散布放大器蓝图 II
31297,旗舰级粒子散布放大器蓝图 II
31299,小型粒子散布投放器蓝图 I
31301,中型粒子散布投放器蓝图 I
31303,旗舰级粒子散布投放器蓝图 I
31305,小型粒子散布投放器蓝图 II
31307,中型粒子散布投放器蓝图 II
31309,旗舰级粒子散布投放器蓝图 II
31311,小型信号集中设备蓝图 I
31313,中型信号集中设备蓝图 I
31315,旗舰级信号集中设备蓝图 I
31317,小型信号集中设备蓝图 II
31319,中型信号集中设备蓝图 II
31321,旗舰级信号集中设备蓝图 II
31323,小型锁定系统辅助控制器蓝图 I
31325,中型锁定系统辅助控制器蓝图 I
31327,旗舰级锁定系统辅助控制器蓝图 I
31329,小型锁定系统辅助控制器蓝图 II
31331,中型锁定系统辅助控制器蓝图 II
31333,旗舰级锁定系统辅助控制器蓝图 II
31335,小型锁定系统稳定器蓝图 I
31337,中型锁定系统稳定器蓝图 I
31339,旗舰级锁定系统稳定器蓝图 I
31341,小型锁定系统稳定器蓝图 II
31343,中型锁定系统稳定器蓝图 II
31345,旗舰级锁定系统稳定器蓝图 II
31347,小型跟踪诊断子程序蓝图 I
31349,中型跟踪诊断子程序蓝图 I
31351,旗舰级跟踪诊断子程序蓝图 I
31353,小型跟踪诊断子程序蓝图 II
31355,中型跟踪诊断子程序蓝图 II
31357,旗舰级跟踪诊断子程序蓝图 II
31359,小型辅助电源路由器蓝图 I
31361,中型辅助电源路由器蓝图 I
31363,旗舰级辅助电源路由器蓝图 I
31365,小型辅助电源路由器蓝图 II
31367,中型辅助电源路由器蓝图 II
31369,旗舰级辅助电源路由器蓝图 II
31371,小型电容器控制电路蓝图 I
31373,中型电容器控制电路蓝图 I
31375,旗舰级电容器控制电路蓝图 I
31377,小型电容器控制电路蓝图 II
31379,中型电容器控制电路蓝图 II
31381,旗舰级电容器控制电路蓝图 II
31383,小型出口端口放大器蓝图 I
31385,中型出口端口放大器蓝图 I
31387,旗舰级出口端口放大器蓝图 I
31389,小型出口端口放大器蓝图 II
31391,中型出口端口放大器蓝图 II
31393,旗舰级出口端口放大器蓝图 II
31395,小型能量栅格子程序优化器蓝图 I
31397,中型能量栅格子程序优化器蓝图 I
31399,旗舰级能量栅格子程序优化器蓝图 I
31401,小型能量栅格子程序优化器蓝图 II
31403,中型能量栅格子程序优化器蓝图 II
31405,旗舰级能量栅格子程序优化器蓝图 II
31407,小型半导体记忆电池蓝图 I
31409,中型半导体记忆电池蓝图 I
31411,旗舰级半导体记忆电池蓝图 I
31413,小型半导体记忆电池蓝图 II
31415,中型半导体记忆电池蓝图 II
31417,旗舰级半导体记忆电池蓝图 II
31419,小型冷凝能量管理单元蓝图 I
31421,中型冷凝能量管理单元蓝图 I
31423,旗舰级冷凝能量管理单元蓝图 I
31425,小型冷凝能量管理单元蓝图 II
31427,中型冷凝能量管理单元蓝图 II
31429,旗舰级冷凝能量管理单元蓝图 II
31431,小型能量武器范围扩大设备蓝图 I
31433,中型能量武器范围扩大设备蓝图 I
31435,旗舰级能量武器范围扩大设备蓝图 I
31437,小型能量武器范围扩大设备蓝图 II
31439,中型能量武器范围扩大设备蓝图 II
31441,旗舰级能量武器范围扩大设备蓝图 II
31443,小型能量武器发散调节装置蓝图 I
31445,中型能量武器发散调节装置蓝图 I
31447,旗舰级能量武器发散调节装置蓝图 I
31449,小型能量武器发散调节装置蓝图 II
31451,中型能量武器发散调节装置蓝图 II
31453,旗舰级能量武器发散调节装置蓝图 II
31455,小型能量武器冲击加速器蓝图 I
31457,中型能量武器冲击加速器蓝图 I
31459,旗舰级能量武器冲击加速器蓝图 I
31461,小型能量武器冲击加速器蓝图 II
31463,中型能量武器冲击加速器蓝图 II
31465,旗舰级能量武器冲击加速器蓝图 II
31467,小型能量武器释放过滤器蓝图 I
31469,中型能量武器释放过滤器蓝图 I
31471,旗舰级能量武器释放过滤器蓝图 I
31473,小型能量武器释放过滤器蓝图 II
31475,中型能量武器释放过滤器蓝图 II
31477,旗舰级能量武器释放过滤器蓝图 II
31479,小型能量武器轨迹校准设备蓝图 I
31481,中型能量武器轨迹校准设备蓝图 I
31483,旗舰级能量武器轨迹校准设备蓝图 I
31485,小型能量武器轨迹校准设备蓝图 II
31487,中型能量武器轨迹校准设备蓝图 II
31489,旗舰级能量武器轨迹校准设备蓝图 II
31491,小型能量武器急转控制器蓝图 I
31493,中型能量武器急转控制器蓝图 I
31495,旗舰级能量武器急转控制器蓝图 I
31497,小型能量武器急转控制器蓝图 II
31499,中型能量武器急转控制器蓝图 II
31501,旗舰级能量武器急转控制器蓝图 II
31503,小型冷凝混合管理单元蓝图 I
31505,中型冷凝混合管理单元蓝图 I
31507,旗舰级冷凝混合管理单元蓝图 I
31509,小型冷凝混合管理单元蓝图 II
31511,中型冷凝混合管理单元蓝图 II
31513,旗舰级冷凝混合管理单元蓝图 II
31515,小型混合武器范围扩大装置蓝图 I
31517,中型混合武器范围扩大装置蓝图 I
31519,旗舰级混合武器范围扩大装置蓝图 I
31521,小型混合武器范围扩大装置蓝图 II
31523,中型混合武器范围扩大装置蓝图 II
31525,旗舰级混合武器范围扩大装置蓝图 II
31527,小型混合武器射速调节装置蓝图 I
31529,中型混合武器射速调节装置蓝图 I
31531,旗舰级混合武器射速调节装置蓝图 I
31533,小型混合武器射速调节装置蓝图 II
31535,中型混合武器射速调节装置蓝图 II
31537,旗舰级混合武器射速调节装置蓝图 II
31539,小型混合武器冲击加速器蓝图 I
31541,中型混合武器冲击加速器蓝图 I
31543,旗舰级混合武器冲击加速器蓝图 I
31545,小型混合武器冲击加速器蓝图 II
31547,中型混合武器冲击加速器蓝图 II
31549,旗舰级混合武器冲击加速器蓝图 II
31551,小型混合武器节能设备蓝图 I
31553,中型混合武器节能设备蓝图 I
31555,旗舰级混合武器节能设备蓝图 I
31557,小型混合武器节能设备蓝图 II
31559,中型混合武器节能设备蓝图 II
31561,旗舰级混合武器节能设备蓝图 II
31563,小型混合武器轨迹校准设备蓝图 I
31565,中型混合武器轨迹校准设备蓝图 I
31567,旗舰级混合武器轨迹校准设备蓝图 I
31569,小型混合武器轨迹校准设备蓝图 II
31571,中型混合武器轨迹校准设备蓝图 II
31573,旗舰级混合武器轨迹校准设备蓝图 II
31575,小型混合武器急转控制器蓝图 I
31577,中型混合武器急转控制器蓝图 I
31579,旗舰级混合武器急转控制器蓝图 I
31581,小型混合武器急转控制器蓝图 II
31583,中型混合武器急转控制器蓝图 II
31585,旗舰级混合武器急转控制器蓝图 II
31587,小型装卸加速装置蓝图 I
31589,中型装卸加速装置蓝图 I
31591,旗舰级装卸加速装置蓝图 I
31593,小型装卸加速装置蓝图 II
31595,中型装卸加速装置蓝图 II
31597,旗舰级装卸加速装置蓝图 II
31599,小型液压舱推进器蓝图 I
31601,中型液压舱推进器蓝图 I
31603,旗舰级液压舱推进器蓝图 I
31605,小型液压舱推进器蓝图 II
31607,中型液压舱推进器蓝图 II
31609,小型火箭燃料缓冲隔离装置蓝图 I
31611,中型火箭燃料缓冲隔离装置蓝图 I
31613,旗舰级火箭燃料缓冲隔离装置蓝图 I
31615,小型火箭燃料缓冲隔离装置蓝图 II
31617,中型火箭燃料缓冲隔离装置蓝图 II
31619,旗舰级火箭燃料缓冲隔离装置蓝图 II
31621,小型弹头加热辅助系统蓝图 I
31623,中型弹头加热辅助系统蓝图 I
31625,旗舰级弹头加热辅助系统蓝图 I
31627,小型弹头加热辅助系统蓝图 II
31629,中型弹头加热辅助系统蓝图 II
31631,旗舰级弹头加热辅助系统蓝图 II
31633,小型弹头爆燃辅助系统蓝图 I
31635,中型弹头爆燃辅助系统蓝图 I
31637,旗舰级弹头爆燃辅助系统蓝图 I
31639,小型弹头爆燃辅助系统蓝图 II
31641,中型弹头爆燃辅助系统蓝图 II
31643,旗舰级弹头爆燃辅助系统蓝图 II
31645,小型弹头强化辅助系统蓝图 I
31647,中型弹头强化辅助系统蓝图 I
31649,旗舰级弹头强化辅助系统蓝图 I
31651,小型弹头强化辅助系统蓝图 II
31653,中型弹头强化辅助系统蓝图 II
31655,旗舰级弹头强化辅助系统蓝图 II
31657,小型射弹武器范围扩大装置蓝图 I
31659,中型射弹武器范围扩大装置蓝图 I
31661,旗舰级射弹武器范围扩大装置蓝图 I
31663,小型射弹武器范围扩大装置蓝图 II
31665,中型射弹武器范围扩大装置蓝图 II
31667,旗舰级射弹武器范围扩大装置蓝图 II
31669,小型射弹武器射速调节装置蓝图 I
31671,中型射弹武器射速调节装置蓝图 I
31673,旗舰级射弹武器射速调节装置蓝图 I
31675,小型射弹武器射速调节装置蓝图 II
31677,中型射弹武器射速调节装置蓝图 II
31679,旗舰级射弹武器射速调节装置蓝图 II
31681,小型射弹武器冲击加速器蓝图 I
31683,中型射弹武器冲击加速器蓝图 I
31685,旗舰级射弹武器冲击加速器蓝图 I
31687,小型射弹武器冲击加速器蓝图 II
31689,中型射弹武器冲击加速器蓝图 II
31691,旗舰级射弹武器冲击加速器蓝图 II
31693,小型射弹武器轨迹校准设备蓝图 I
31695,中型射弹武器轨迹校准设备蓝图 I
31697,旗舰级射弹武器轨迹校准设备蓝图 I
31699,小型射弹武器轨迹校准设备蓝图 II
31701,中型射弹武器轨迹校准设备蓝图 II
31703,旗舰级射弹武器轨迹校准设备蓝图 II
31705,小型射弹武器急转控制器蓝图 I
31707,中型射弹武器急转控制器蓝图 I
31709,旗舰级射弹武器急转控制器蓝图 I
31711,小型射弹武器急转控制器蓝图 II
31713,中型射弹武器急转控制器蓝图 II
31715,旗舰级射弹武器急转控制器蓝图 II
31717,小型电磁护盾强化装置蓝图 I
31719,中型电磁护盾强化装置蓝图 I
31721,旗舰级电磁护盾强化装置蓝图 I
31723,小型电磁护盾强化装置蓝图 II
31725,中型电磁护盾强化装置蓝图 II
31727,旗舰级电磁护盾强化装置蓝图 II
31729,小型爆炸护盾强化装置蓝图 I
31731,中型爆炸护盾强化装置蓝图 I
31733,旗舰级爆炸护盾强化装置蓝图 I
31735,小型爆炸护盾强化装置蓝图 II
31737,中型爆炸护盾强化装置蓝图 II
31739,旗舰级爆炸护盾强化装置蓝图 II
31741,小型动能护盾强化装置蓝图 I
31743,中型动能护盾强化装置蓝图 I
31745,旗舰级动能护盾强化装置蓝图 I
31747,小型动能护盾强化装置蓝图 II
31749,中型动能护盾强化装置蓝图 II
31751,旗舰级动能护盾强化装置蓝图 II
31753,小型热能护盾强化装置蓝图 I
31755,中型热能护盾强化装置蓝图 I
31757,旗舰级热能护盾强化装置蓝图 I
31759,小型热能护盾强化装置蓝图 II
31761,中型热能护盾强化装置蓝图 II
31763,旗舰级热能护盾强化装置蓝图 II
31765,小型核心防御电容器安全管理装置蓝图 I
31767,中型核心防御电容器安全管理装置 I 蓝图
31769,旗舰级核心防御电容器安全管理装置蓝图 I
31771,小型核心防御电容器安全管理装置蓝图 II
31773,中型核心防御电容器安全管理装置蓝图 II
31775,旗舰级核心防御电容器安全管理装置蓝图 II
31777,小型核心防御节能装置蓝图 I
31779,中型核心防御节能装置蓝图 I
31781,旗舰级核心防御节能装置蓝图 I
31783,小型核心防御节能装置蓝图 II
31785,中型核心防御节能装置蓝图 II
31787,旗舰级核心防御节能装置蓝图 II
31789,小型核心防御力场扩张装置蓝图 I
31791,中型核心防御力场扩张装置蓝图 I
31793,旗舰级核心防御力场扩张装置蓝图 I
31795,小型核心防御力场扩张装置蓝图 II
31797,中型核心防御力场扩张装置蓝图 II
31799,旗舰级核心防御力场扩张装置蓝图 II
31801,小型核心防御力场稳固装置蓝图 I
31803,中型核心防御力场稳固装置蓝图 I
31805,旗舰级核心防御力场稳固装置蓝图 I
31811,小型核心防御力场稳固装置蓝图 II
31813,中型核心防御力场稳固装置蓝图 II
31815,旗舰级核心防御力场稳固装置蓝图 II
31817,小型核心防御操控稳定装置蓝图 I
31819,中型核心防御操控稳定装置蓝图 I
31821,旗舰级核心防御操控稳定装置蓝图 I
31823,小型核心防御操控稳定装置蓝图 II
31825,中型核心防御操控稳定装置蓝图 II
31827,旗舰级核心防御操控稳定装置蓝图 II
31865,帝国海军侍僧蓝图
31867,帝国海军渗透者蓝图
31869,帝国海军监护官蓝图
31871,帝国海军执政官蓝图
31873,加达里海军大黄蜂蓝图
31875,加达里海军金星蓝图
31877,加达里海军胡蜂蓝图
31879,加达里海军典狱官蓝图
31881,联邦海军地精灵蓝图
31883,联邦海军战锤蓝图
31885,联邦海军蛮妖蓝图
31887,联邦海军卫兵蓝图
31889,共和舰队武士蓝图
31891,共和舰队瓦尔基里蓝图
31893,共和舰队狂战士蓝图
31895,共和舰队保镖蓝图
31897,帝国海军100mm钢附甲板蓝图
31899,联邦海军100mm钢附甲板蓝图
31901,帝国海军1600mm钢附甲板蓝图
31903,联邦海军1600mm钢附甲板蓝图
31905,帝国海军200mm钢附甲板蓝图
31907,联邦海军200mm钢附甲板蓝图
31909,帝国海军400mm钢附甲板蓝图
31911,联邦海军400mm钢附甲板蓝图
31917,帝国海军800mm钢附甲板蓝图
31919,联邦海军800mm钢附甲板蓝图
31923,加达里海军小型护盾扩展装置蓝图
31925,共和舰队小型护盾扩展装置蓝图
31927,加达里海军中型护盾扩展装置蓝图
31929,共和舰队中型护盾扩展装置蓝图
31931,加达里海军大型护盾扩展装置蓝图
31933,共和舰队大型护盾扩展装置蓝图
31943,联邦海军全方位索敌连接蓝图
31945,共和舰队目标标记装置蓝图
31947,帝国海军大型远程电容传输装置蓝图
31949,帝国海军中型远程电容传输装置蓝图
31951,帝国海军小型远程电容传输装置蓝图
31953,加达里海军能源诊断系统蓝图
32026,小型无人机控制范围扩大装置蓝图 I
32028,中型无人机控制范围扩大装置蓝图 I
32030,小型无人机控制范围扩大装置蓝图 II
32032,中型无人机控制范围扩大装置蓝图 II
32034,小型无人机耐用性增强装置蓝图 I
32036,中型无人机耐用性增强装置蓝图 I
32038,小型无人机机耐用性增强装置蓝图 II
32040,中型无人机耐用性增强装置蓝图 II
32042,小型无人机采矿增量器蓝图 I
32044,中型无人机采矿增量器蓝图 I
32046,小型无人机采矿增量器蓝图 II
32048,中型无人机采矿增量器蓝图 II
32050,小型无人机维修加速器蓝图 I
32052,中型无人机维修加速器蓝图 I
32054,小型无人机维修加速器蓝图 II
32056,中型无人机维修加速器蓝图 II
32058,小型无人机增速装置蓝图 I
32060,中型无人机增速装置蓝图 I
32062,小型无人机增速装置蓝图 II
32064,中型无人机增速装置蓝图 II
32066,小型电子无人机范围调节器蓝图 I
32068,中型电子无人机范围调节器蓝图 I
32070,小型无人机视野芯片蓝图 I
32072,中型无人机视野芯片蓝图 I
32074,小型无人机视野芯片蓝图 II
32076,中型无人机视野芯片蓝图 II
32078,小型电子无人机范围调节器蓝图 II
32080,中型电子无人机范围调节器蓝图 II
32082,小型岗哨炮伤害增强设备蓝图 I
32084,中型岗哨炮伤害增强设备蓝图 I
32086,小型岗哨炮伤害增强设备蓝图 II
32088,中型岗哨炮伤害增强设备蓝图 II
32090,小型停滞无人机增强设备蓝图 I
32092,中型停滞无人机增强设备蓝图 I
32094,小型停滞无人机增强设备蓝图 II
32096,中型停滞无人机增强设备蓝图 II
32208,暴狼级蓝图
32210,弥米尔级蓝图
32306,末日沙场级海军型蓝图
32308,多米尼克斯级海军型蓝图
32310,毒蝎级海军型蓝图
32312,台风级舰队型蓝图
32326,独眼巨人蓝图 I
32341,槌骨蓝图 I
32343,斩裂剑蓝图 I
32345,螳螂蓝图 I
32415,主天使目标标记装置蓝图
32437,鞭挞超大型巡航导弹蓝图
32439,星爆超大型巡航导弹蓝图
32441,炼狱超大型巡航导弹蓝图
32443,雷神超大型巡航导弹蓝图
32445,超大型巡航导弹发射器蓝图 I
32773,中型辅助护盾回充增量器蓝图
32775,小型辅助护盾回充增量器蓝图
32781,超大型辅助护盾回充增量器蓝图
32783,反弹道导弹蓝图 I
32789,魔裔级蓝图
32791,伊塔那级蓝图
32800,环绕激光器S蓝图
32802,环绕电磁脉冲弹S蓝图
32804,环绕混合炮S蓝图
32810,艾玛达海军热能涂层蓝图
32812,米亚莫斯级阿玛斯翠丝版蓝图
32818,中型基腹断岩采集晶体优化器蓝图 I
32820,中型冰矿采集器加速器蓝图 I
32839,追求者测量探针蓝图 I
32841,星际捷运促进级蓝图
32843,印塔基联合财团促进级蓝图
32845,短途物流促进级蓝图
32847,酷菲促进级蓝图
32849,埃拉斯多集团促进级蓝图
32854,发现号测量探针蓝图 I
32855,凝视测量探针蓝图 I
32858,空间站集装箱蓝图
32859,小型标准货柜蓝图
32860,中型标准货柜蓝图
32861,大型标准货柜蓝图
32862,巨大的货物集装箱蓝图
32863,巨大的安全货柜蓝图
32864,庞大的安全货柜蓝图
32865,大型安全货柜蓝图
32866,中型安全货柜蓝图
32867,小型安全货柜蓝图
32868,小型审计安全密码集装箱蓝图
32869,中型审计安全密码集装箱蓝图
32870,大型审计安全密码集装箱蓝图
32871,空间站保险库集装箱蓝图
32873,阿尔格斯级蓝图
32875,龙骑兵级蓝图
32877,渡鸦级蓝图
32879,弯刀级蓝图
32881,冲锋者级蓝图
32982,打捞无人机 I 蓝图
32984,斯库维塔苍鹭级蓝图
32986,短途物流伊米卡斯级蓝图
32988,萨拉姆富豪级蓝图
32990,维洛奇亚探索级蓝图
33004,巨型货物集装箱蓝图
33006,庞大的货物集装箱蓝图
33008,大型货物集装箱蓝图
33010,中型货物集装箱蓝图
33012,小型货物集装箱蓝图
33067,失效的空间站钥匙蓝图
33077,小型辅助装甲维修器蓝图
33080,未来人类级蓝图
33082,毒蛇级蓝图
33084,违逆者级蓝图
33088,高级大脑加速器蓝图
33102,中型辅助装甲维修器蓝图
33104,大型辅助装甲维修器蓝图
33112,实验级大脑加速器蓝图
33150,个人机库阵列蓝图
33152,布鲁提克斯级海军型蓝图
33154,幼龙级海军型蓝图
33156,先驱者级海军型蓝图
33158,暴风级舰队型蓝图
33177,扫描精准阵列蓝图 I
33179,扫描定位阵列蓝图 I
33181,扫描测距阵列蓝图 I
33191,塔什蒙贡富豪级蓝图
33196,空间协调装置蓝图
33198,扫描精准阵列蓝图 II
33200,扫描定位阵列蓝图 II
33202,扫描测距阵列蓝图 II
33271,测量探针发射器蓝图 I
33273,测量探针发射器蓝图 II
33278,旗舰级无人机控制范围扩大装置蓝图 I
33280,旗舰级无人机控制范围扩大装置蓝图 II
33282,旗舰级无人机耐用性增强装置蓝图 I
33284,旗舰级无人机耐用性增强装置蓝图 II
33286,旗舰级无人机采矿增量器蓝图 I
33288,旗舰级无人机采矿增量器蓝图 II
33290,旗舰级无人机维修加速器蓝图 I
33292,旗舰级无人机维修加速器蓝图 II
33294,旗舰级无人机射距芯片蓝图 I
33296,旗舰级无人机射距芯片蓝图 II
33299,旗舰级无人机增速装置蓝图 I
33300,旗舰级无人机增速装置蓝图 II
33302,旗舰级液压舱推进器蓝图 II
33304,旗舰级处理器超频组件蓝图 I
33306,旗舰级处理器超频组件蓝图 II
33308,旗舰级岗哨炮伤害增强设备蓝图 I
33310,旗舰级岗哨炮伤害增强设备蓝图 II
33312,旗舰级停滞无人机增强设备蓝图 I
33314,旗舰级停滞无人机增强设备蓝图 II
33327,灵感级蓝图
33396,莫拉查级蓝图
33398,克雷默斯级蓝图
33401,堡垒装备蓝图 I
33447,加达里海军重型快速导弹发射器蓝图
33449,重型快速导弹发射器蓝图 I
33451,重型快速导弹发射器蓝图 II
33460,共和舰队重型快速导弹发射器蓝图
33469,阿斯特罗级蓝图
33471,斯特修斯级蓝图
33473,涅斯托级蓝图
33514,美洲豹级蓝图
33515,小型移动式虹吸装置蓝图
33517,移动式仓库蓝图
33518,移动式诱导抑制装置蓝图
33519,移动式牵引装置蓝图
33521,小屋移动式仓库蓝图
33523,帐篷移动式仓库蓝图
33536,高级统御—阿尔法型蓝图
33543,高级统御—贝它型蓝图
33545,高级统御—伽玛型蓝图
33546,高级统御—伊普西隆型蓝图
33547,高级统御—德尔塔型蓝图
33548,高级统御—欧米伽型蓝图
33554,斯特修斯级应急反应型蓝图
33556,中级统御—阿尔法型蓝图
33558,中级统御—贝它型蓝图
33560,中级统御—德尔塔型蓝图
33562,中级统御—伊普西隆型蓝图
33564,中级统御—伽玛型蓝图
33566,中级统御—欧米伽型蓝图
33582,小型混合物移动式虹吸装置蓝图
33584,小型搬运工移动式虹吸装置蓝图
33586,艾玛事件监测装置蓝图
33588,移动式诱捕装置蓝图
33590,移动式扫描抑制装置蓝图
33592,移动式微型跳跃装置蓝图
33596,加达里事件监测装置蓝图
33609,盖伦特事件监测装置蓝图
33611,米玛塔尔事件监测装置蓝图
33624,地狱天使级塔什蒙贡版蓝图
33626,地狱天使级卡多尔版蓝图
33628,鹏鲲级纳基维版蓝图
33630,鹏鲲级维克米集团版蓝图
33632,死亡漩涡级内凡达版蓝图
33634,死亡漩涡级克鲁夏版蓝图
33636,亥伯龙神级埃拉斯多集团版蓝图
33638,亥伯龙神级短途物流版蓝图
33640,启示级卡多尔版蓝图
33642,启示级塔什蒙贡版蓝图
33644,狞獾级纳基维版蓝图
33646,狞獾级维克米集团版蓝图
33648,刺客级内凡达版蓝图
33650,刺客级克鲁夏版蓝图
33652,托勒克斯级埃拉斯多集团版蓝图
33654,托勒克斯级短途物流版蓝图
33656,惩罚者级卡多尔版蓝图
33658,惩罚者级塔什蒙贡版蓝图
33660,小鹰级纳基维版蓝图
33662,小鹰级维克米集团版蓝图
33664,裂谷级内凡达版蓝图
33666,裂谷级克鲁夏版蓝图
33668,因卡萨斯级埃拉斯多集团版蓝图
33670,因卡萨斯级短途物流版蓝图
33672,重型船体维护机器人蓝图 I
33674,长尾蜥级蓝图
33676,变色龙级蓝图
33678,警察追击彗星级蓝图
33682,壁虎级蓝图
33684,麦基诺级ORE开发版蓝图
33686,逆戟鲸级ORE开发版蓝图
33688,长须鲸级ORE开发版蓝图
33690,伊特龙级短途物流版蓝图
33692,狐鼬级维克米集团版蓝图
33694,猛犸级内凡达版蓝图
33696,恩赐者级塔什蒙贡版蓝图
33698,掘金者级蓝图
33701,林鼠移动式牵引装置蓝图
33703,喜鹊移动式牵引装置蓝图
33705,中型船体维护机器人蓝图 I
33707,轻型船体维护机器人蓝图 I
33709,重型船体维护机器人蓝图 II
33711,中型船体维护机器人蓝图 II
33713,轻型船体维护机器人蓝图 II
33817,加姆级蓝图
33819,奥苏斯级蓝图
33821,巴盖斯级蓝图
33823,全方位索敌增强器蓝图 I
33825,全方位索敌增强器蓝图 II
33868,图克尔组件装配阵列蓝图
33870,布鲁提克斯级天蛇版蓝图
33872,飓风级图克尔部族版蓝图
33874,猛鲑级古斯塔斯版蓝图
33876,先知级血袭者版蓝图
33878,促进级天蛇版蓝图
33880,强制者级血袭者版蓝图
33882,海燕级古斯塔斯版蓝图
33884,长尾鲛级图克尔部族版蓝图
33891,小型横贯舱壁蓝图 I
33893,小型横贯舱壁蓝图 II
33895,中型横贯舱壁蓝图 I
33897,中型横贯舱壁蓝图 II
33899,大型横贯舱壁蓝图 I
33901,大型横贯舱壁蓝图 II
33903,旗舰级横贯舱壁蓝图 I
33905,旗舰级横贯舱壁蓝图 II
33916,中型微型跳跃引擎蓝图
33982,限量型超空间加速装置蓝图
33984,实验型超空间加速装置蓝图
33986,尖端型超空间加速装置蓝图
34119,万王宝座级酷菲版蓝图
34121,Mobile Competitive Vault Blueprint
34123,限量型跳跃引擎节能装置蓝图
34125,实验型跳跃引擎节能装置蓝图
34127,尖端型跳跃引擎节能装置蓝图
34153,响尾蛇级胜利版蓝图
34214,灾难级血袭者版蓝图
34216,灾难级卡多尔版蓝图
34218,灾难级塔什蒙贡版蓝图
34220,帕拉丁级血袭者版蓝图
34222,帕拉丁级卡多尔版蓝图
34224,帕拉丁级塔什蒙贡版蓝图
34226,乌鸦级古斯塔斯版蓝图
34228,乌鸦级卡拉吉塔集团版蓝图
34230,乌鸦级纳基维版蓝图
34232,魔像级古斯塔斯版蓝图
34234,魔像级卡拉吉塔集团版蓝图
34236,魔像级纳基维版蓝图
34238,万王宝座级警察版蓝图
34240,万王宝座级短途物流版蓝图
34242,克洛诺斯级警察版蓝图
34244,克洛诺斯级酷菲版蓝图
34246,克洛诺斯级短途物流版蓝图
34248,狂暴级司法局版蓝图
34250,狂暴级克鲁夏版蓝图
34252,狂暴级内凡达版蓝图
34254,恶狼级司法局版蓝图
34256,恶狼级克鲁夏版蓝图
34258,恶狼级内凡达版蓝图
34267,小型希格斯粒子锚 I蓝图
34269,中型希格斯粒子锚 I蓝图
34273,偏振式小型聚焦脉冲激光器蓝图
34275,偏振式重型脉冲激光器蓝图
34277,偏振式超级脉冲激光器蓝图
34279,偏振式轻型中子疾速炮蓝图
34281,偏振式重型中子疾速炮蓝图
34283,偏振式中子疾速加农炮蓝图
34285,偏振式200mm自动加农炮蓝图
34287,偏振式425mm自动加农炮蓝图
34289,偏振式800mm频射加农炮蓝图
34291,偏振式火箭发射器蓝图
34293,偏振式重型攻击导弹发射器蓝图
34295,偏振式鱼雷发射器蓝图
34307,大型希格斯粒子锚 I蓝图
34309,旗舰级希格斯粒子锚 I蓝图
34318,忏悔者级蓝图
34329,弓头鲸级蓝图
34340,莫洛级星际捷运版蓝图
34342,纳迦法级司法局版蓝图
34344,凤凰级维克米集团版蓝图
34346,神示级萨拉姆版蓝图
34397,自组装式纳米晶格蓝图
34412,完整的小型船体舱段
34414,失灵的小型船体舱段
34416,毁坏的小型冬眠者船体
34442,多米尼克斯级酷菲版蓝图
34444,特里斯坦级酷菲版蓝图
34446,狂怒者级酷菲版蓝图
34458,末日沙场级YC117年特别版蓝图
34460,地狱天使级YC117年特别版蓝图
34462,马克瑞级YC117年特别版蓝图
34464,响尾蛇级YC117年特别版蓝图
34466,多米尼克斯级YC117年特别版蓝图
34468,万王宝座级YC117年特别版蓝图
34470,乌鸦级YC117年特别版蓝图
34472,灾难级YC117年特别版蓝图
34474,幼龙级YC117年特别版蓝图
34476,毒蜥级YC117年特别版蓝图
34478,银鹰级YC117年特别版蓝图
34480,伊什塔级YC117年特别版蓝图
34497,议会外交穿梭机蓝图
34563,斯威普级蓝图
34591,凯旋奢华游艇蓝图
34594,侵噬链接 I 蓝图
34596,侵噬链接蓝图 II 
34829,寒鸦级蓝图
34841,诱捕阵列2 蓝图
34842,诱捕阵列3 蓝图
34843,诱捕阵列4 蓝图
34844,诱捕阵列5 蓝图
34845,海盗监测阵列1 蓝图
34846,海盗监测阵列2 蓝图
34847,海盗监测阵列3 蓝图
34848,海盗监测阵列4 蓝图
34849,海盗监测阵列5 蓝图
34850,量子通量发生器1 蓝图
34851,量子通量发生器2 蓝图
34852,量子通量发生器3 蓝图
34853,量子通量发生器4 蓝图
34854,量子通量发生器5 蓝图
34855,矿石勘探阵列1 蓝图
34856,矿石勘探阵列2 蓝图
34857,矿石勘探阵列3 蓝图
34858,矿石勘探阵列4 蓝图
34859,矿石勘探阵列5 蓝图
34860,勘探网络1 蓝图
34861,勘探网络2 蓝图
34862,勘探网络3 蓝图
34863,勘探网络4 蓝图
34864,勘探网络5 蓝图
34865,高级后勤网络蓝图
34866,诱导力场导航系统蓝图
34867,诱导力场压制系统蓝图
34868,超级旗舰建造设施蓝图
34869,诱捕阵列1 蓝图
35684,赫卡特级蓝图
35772,导弹制导增强器蓝图 I
35773,导弹制导增强器蓝图 II
35780,小鬼级蓝图
35782,恶魔级蓝图
35791,导弹制导计算机蓝图 I
35792,导弹制导计算机蓝图 II
35796,导弹射程脚本蓝图
35797,导弹精确打击脚本蓝图
36949,合并元素蓝图
36953,建筑磁力感应器蓝图
36954,建筑加速线圈蓝图
36955,建筑宣传节点蓝图
36960,明灯诱导信标蓝图
36961,安塞波跳跃星门蓝图
36962,中型行政中心蓝图
36963,大型行政中心蓝图
36964,超大型行政中心蓝图
36965,昇威纪念碑AM蓝图
36966,空堡蓝图
36967,铁壁蓝图
36968,星城蓝图
36971,莱塔卢蓝图
36972,阿兹贝尔蓝图
36973,索迪约蓝图
36974,中型实验室蓝图
36975,大型实验室蓝图
36976,超大型实验室蓝图
36977,阿塔诺蓝图
36978,塔塔拉蓝图
36979,超大型钻探平台蓝图
36980,中型瞭望阵列蓝图
36981,大型瞭望阵列蓝图
36997,建筑安保力量阵列蓝图
36999,建筑主权设施蓝图
37000,建筑安全状况宣布设施蓝图
37001,建筑代理人分布设施蓝图
37002,建筑势力储存设施蓝图
37003,建筑装甲定向网络蓝图
37004,建筑信息定向网络蓝图
37005,建筑会战定向网络蓝图
37006,建筑游击定向网络蓝图
37007,建筑采矿定向网络蓝图
37008,屹立制导炸弹发射器蓝图 I
37011,建筑旗舰组装阵列蓝图
37012,建筑组件装配阵列蓝图
37014,建筑装备组装阵列蓝图
37015,建筑舰船组装阵列蓝图
37020,屹立弹道控制系统蓝图 I
37021,屹立冲击力场投射器蓝图 I
37022,屹立市场中心蓝图 I
37023,屹立克隆中心蓝图 I
37024,建筑军团保险蓝图
37025,建筑忠诚点商店蓝图
37026,建筑海关办公室蓝图
37027,建筑星际捷运运输服务蓝图
37028,屹立协处理器阵列蓝图 I
37029,屹立定点防御炮塔蓝图 I
37030,屹立电弧弦投射器蓝图 I
37031,建筑小行星钻探蓝图
37032,屹立提炼设施蓝图 I
37033,建筑压缩工厂蓝图
37034,屹立卫星钻探蓝图 I
37037,建筑无人机链接增效器蓝图
37038,屹立铁骑舰载机伤害增效装置蓝图 I
37039,建筑无人机导航电脑蓝图
37040,屹立铁骑舰载机索敌增强器蓝图 I
37041,屹立可变光谱ECM蓝图 I
37042,建筑ECCM投射器蓝图
37043,屹立超大型能量中和器蓝图 I
37044,屹立重型能量中和器蓝图 I
37045,屹立导弹制导增强器蓝图 I
37046,建筑导弹制导计算机蓝图
37047,屹立反旗舰导弹发射器蓝图 I
37048,屹立多功能导弹发射器蓝图 I
37049,建筑本地通信阵列蓝图
37050,建筑星系分布阵列蓝图
37051,建筑飞行员索敌阵列蓝图
37052,建筑扫描器阵列蓝图
37053,建筑监听哨站蓝图
37054,建筑隐形定位阵列蓝图
37058,建筑诱导力场干扰器蓝图
37060,屹立反应堆控制组件蓝图 I
37061,建筑远程装甲维修器蓝图
37062,建筑远程电容传输装置蓝图
37063,建筑远程结构维修器蓝图
37064,建筑远程导弹制导计算机蓝图
37065,建筑远程感应增强器蓝图
37066,屹立远程感应抑阻器蓝图 I
37067,建筑远程护盾回充增量器蓝图
37068,建筑远距索敌计算机蓝图
37069,建筑发明实验室蓝图
37071,建筑数据核心实地研究蓝图
37072,建筑时间效率实验室蓝图
37073,建筑材料效率实验室蓝图
37074,建筑拷贝实验室蓝图
37075,建筑扫描分辨率增强器蓝图
37079,建筑虫洞稳定器蓝图
37080,屹立停滞缠绕光束蓝图 I
37081,屹立目标标记装置蓝图 I
37083,屹立武器扰断器蓝图 I
37085,屹立CSP牵引光束蓝图 I
37087,屹立聚焦跃迁扰断器蓝图 I
37138,建筑宣传哨站蓝图
37139,建筑公告屏蓝图
37287,中型一级科技小型舰船制造蓝图 I
37309,屹立大型弹药制造效率蓝图 I
37310,屹立超大型设备和消费品制造效率蓝图 I
37311,中型一级科技小型舰船制造蓝图 II
37312,中型一级科技中型舰船制造蓝图 I
37314,中型一级科技中型舰船制造蓝图 II
37315,中型一级科技大型舰船制造蓝图 I
37316,中型一级科技大型舰船制造蓝图 II
37317,中型二级科技小型舰船制造蓝图 I
37318,中型二级科技小型舰船制造蓝图 II
37319,中型二级科技中型舰船制造蓝图 I
37320,中型二级科技中型舰船制造蓝图 II
37321,中型二级科技大型舰船制造蓝图 I
37322,中型二级科技大型舰船制造蓝图 II
37323,中型无人机制造蓝图 I
37324,中型无人机制造蓝图 II
37325,中型消费品制造蓝图 I
37326,中型消费品制造蓝图 II
37327,中型装备制造蓝图 I
37328,中型装备制造蓝图 II
37329,屹立大型弹药制造效率蓝图 II
37330,屹立大型基础大型舰船制造效率蓝图 I
37331,屹立大型基础大型舰船制造效率蓝图 II
37332,屹立大型高级大型舰船制造效率蓝图 I
37333,屹立大型高级大型舰船制造效率蓝图 II
37334,屹立大型设备制造效率蓝图 I
37335,屹立大型设备制造效率蓝图 II
37338,屹立大型高级组件制造效率蓝图 I
37339,屹立大型高级组件制造效率蓝图 II
37340,大型一级科技子系统制造蓝图 I
37341,大型一级科技子系统制造蓝图 II
37342,屹立超大型设备和消费品制造效率蓝图 II
37343,屹立超大型舰船制造效率蓝图 I
37344,屹立超大型舰船制造效率蓝图 II
37345,屹立超大型实验室优化蓝图 II
37346,屹立超大型实验室优化蓝图 I
37347,中型一级科技小型舰船研究蓝图 I
37348,中型一级科技小型舰船研究蓝图 II
37349,中型一级科技中型舰船研究蓝图 I
37350,中型一级科技中型舰船研究蓝图 II
37351,中型一级科技大型舰船研究蓝图 II
37352,中型无人机研究蓝图 I
37353,中型无人机研究蓝图 II
37354,中型消费品研究蓝图 I
37355,中型消费品研究蓝图 II
37356,中型装备研究蓝图 I
37357,中型装备研究蓝图 II
37358,大型装备、消费品和无人机研究蓝图 I
37359,大型装备、消费品和无人机研究蓝图 II
37360,大型一级科技舰船研究蓝图 I
37361,大型一级科技舰船研究蓝图 II
37364,大型二级科技组件研究蓝图 I
37365,大型二级科技组件研究蓝图 II
37366,大型一级科技旗舰组件研究蓝图 I
37367,大型一级科技旗舰组件研究蓝图 II
37368,大型建筑组件研究蓝图 I
37369,大型建筑组件研究蓝图 II
37370,大型一级科技子系统研究蓝图 I
37371,大型一级科技子系统研究蓝图 II
37372,超大型设备研究蓝图 I
37373,超大型设备研究蓝图 II
37374,超大型舰船研究蓝图 I
37375,超大型舰船研究蓝图 II
37376,屹立超大型建筑和组件制造效率蓝图 I
37377,屹立超大型建筑和组件制造效率蓝图 II
37378,屹立中型导弹精度蓝图 I
37379,屹立中型导弹精度蓝图 II
37380,屹立中型导弹投射蓝图 I
37381,屹立中型导弹投射蓝图 II
37382,屹立中型能量中和器投射蓝图 I
37383,屹立中型能量中和器投射蓝图 II
37384,屹立中型能量中和器节能蓝图 I
37385,屹立中型能量中和器节能蓝图 II
37386,屹立中型铁骑舰载机生存蓝图 I
37387,屹立中型铁骑舰载机生存蓝图 II
37388,屹立中型铁骑舰载机导航蓝图 I
37389,屹立中型铁骑舰载机导航蓝图 II
37390,屹立中型电子战投射蓝图 I
37391,屹立中型电子战投射蓝图 II
37392,屹立中型电子战节能蓝图 I
37393,屹立中型电子战节能蓝图 II
37394,屹立中型建筑多重锁定装置蓝图 I
37395,屹立中型建筑多重锁定装置蓝图 II
37396,屹立中型锁定增强系统蓝图 I
37397,屹立中型锁定增强系统蓝图 II
37398,中型办公室数量蓝图 I
37399,中型办公室数量蓝图 II
37400,屹立中型远距克隆舱蓝图 I
37401,屹立中型远距克隆舱蓝图 II
37402,中型远距克隆税率蓝图 I
37403,中型远距克隆税率蓝图 II
37404,中型行星工业提升蓝图 I
37405,中型行星工业提升蓝图 II
37406,中型海关办公室税率减免蓝图 I
37407,中型海关办公室税率减免蓝图 II
37408,中型忠诚点商店减耗蓝图 I
37409,中型忠诚点商店减耗蓝图 II
37410,屹立大型导弹飞行处理器蓝图 I
37411,屹立大型导弹飞行处理器蓝图 II
37413,屹立大型能量中和器反馈控制蓝图 I
37414,屹立大型能量中和器反馈控制蓝图 II
37415,屹立大型铁骑舰载机任务控制蓝图 I
37416,屹立大型铁骑舰载机任务控制蓝图 II
37417,屹立大型电子战指挥系统蓝图 I
37418,屹立大型电子战指挥系统蓝图 II
37419,屹立大型炸弹瞄准装置蓝图 I
37420,屹立大型炸弹瞄准装置蓝图 II
37421,屹立大型定点防御炮塔控制蓝图 I
37422,屹立大型定点防御炮塔控制蓝图 II
37423,屹立大型目标锁定阵列蓝图 I
37424,屹立大型目标锁定阵列蓝图 II
37425,大型办公室、远距克隆数量和税率蓝图 I
37426,大型办公室、远距克隆数量和税率蓝图 II
37427,大型行星工业和海关办公室税率减免蓝图 I
37428,大型行星工业和海关办公室税率减免蓝图 II
37429,大型市场和忠诚点商店税率蓝图 I
37430,大型市场和忠诚点商店税率蓝图 II
37431,屹立超大型导弹火力控制计算机蓝图 I
37432,屹立超大型导弹火力控制计算机蓝图 II
37433,屹立超大型集成式铁骑舰载机与定点防御网络蓝图 I
37434,屹立超大型集成式铁骑舰载机与定点防御网络蓝图 II
37435,屹立超大型电子战和散热协调器蓝图 I
37436,屹立超大型电子战和散热协调器蓝图 II
37437,屹立超大型毁灭级武器套装蓝图 I
37438,屹立超大型毁灭级武器套装蓝图 II
37441,超大型办公室、远距克隆、行星开发、海关办公室和市场改善蓝图 I
37442,超大型办公室、远距克隆、行星开发、海关办公室和市场改善蓝图 II
37443,旧中型HS材料回收蓝图 I
37444,旧中型HS材料回收蓝图 II
37445,旧大型矿石分级处理器蓝图 I
37446,旧大型矿石分级处理器蓝图 II
37447,旧超大型提炼监控蓝图 I
37448,旧超大型提炼监控蓝图 II
37449,中型一级科技大型舰船研究蓝图 I
37537,超大型瞭望阵列蓝图
37538,暗影诱导干扰塔蓝图
37539,中型宣传中心蓝图
37540,大型宣传中心蓝图
37541,屹立信号放大器蓝图 I
37617,鹳鸟级蓝图
37618,教皇级蓝图
37619,占星级蓝图
37620,天梯级蓝图
37621,微型跳跃力场发生器蓝图
37833,屹立引力ECM脚本蓝图
37834,屹立光雷达ECM脚本蓝图
37835,屹立磁力ECM脚本蓝图
37836,屹立雷达ECM脚本蓝图
37837,建筑电磁增强器脚本蓝图
37838,建筑爆炸增强器脚本蓝图
37839,建筑动能抗性脚本蓝图
37840,建筑热能抗性脚本蓝图
37852,屹立超级重型鱼雷蓝图
37853,屹立超大型巡航导弹蓝图
37854,屹立AXL-SR导弹蓝图
37855,屹立巡航导弹蓝图
37856,屹立重型导弹蓝图
37857,屹立轻型导弹蓝图
37858,屹立重型制导炸弹蓝图
37859,屹立轻型制导炸弹蓝图
37860,屹立涅槃制导炸弹蓝图
37964,建筑抗性切换器蓝图
38660,冰矿开采激光器蓝图 I
38661,冰矿开采激光器蓝图 II
39580,执事级蓝图
39581,麒麟级蓝图
39583,永恒者级蓝图
40301,塔利亚级蓝图
40302,手术刀级蓝图
40311,星娱汇联盟改良型侵噬链接蓝图
40312,太空战斗民族免税区改良型侵噬链接蓝图
40313,北方联盟改良型侵噬链接蓝图
40314,月形快捷客运联合体改良型侵噬链接蓝图
40315,毛鲁斯级海军型蓝图
40316,狮鹫级海军型蓝图
40317,守夜者级舰队型蓝图
40318,磨难级海军型蓝图
40336,导弹射程干扰脚本蓝图
40337,导弹精准度干扰脚本蓝图
40338,制导干扰器蓝图 I
40339,制导干扰器蓝图 II
40521,昇威豪华星城蓝图
40672,旗舰级能量中和器蓝图 I
40673,旗舰级小鬼紧凑型能量中和器蓝图
40674,旗舰级传染视野型能量中和器蓝图
40675,旗舰级能量中和器蓝图 II
40676,萨沙爱国者旗舰级能量中和器蓝图
40677,黑暗血袭者旗舰级能量中和器蓝图
40684,旗舰级掠能器蓝图 I
40685,旗舰级盗墓者紧凑型掠能器蓝图
40686,旗舰级流氓视野型掠能器蓝图
40687,旗舰级掠能器蓝图 II
40688,萨沙爱国者旗舰级掠能器蓝图
40689,黑暗血袭者旗舰级掠能器蓝图
40719,旗舰级紧急船体增能器蓝图 I
40720,旗舰级非调和紧凑型紧急船体增能器蓝图
40721,旗舰级不屈持久型紧急船体增能器蓝图
40722,旗舰级紧急船体增能器蓝图 II
40723,姐妹会旗舰级紧急船体增能器蓝图
40740,重型跃迁扰断器蓝图 I
40741,重型骤停紧凑型跃迁扰断器蓝图
40742,重型J5持久型跃迁扰断器蓝图
40743,重型眩晕视野型跃迁扰断器蓝图
40744,重型跃迁扰断器蓝图 II
40746,暗影天蛇重型跃迁扰断器蓝图
40747,主天使重型跃迁扰断器蓝图
40751,重型跃迁扰频器蓝图 I
40753,重型初始紧凑型跃迁扰频器蓝图
40755,重型J5b持久型跃迁扰频器蓝图
40757,重型伊普西隆眩晕视野型跃迁扰频器蓝图
40759,重型跃迁扰频器蓝图 II
40763,暗影天蛇重型跃迁扰频器蓝图
40765,主天使重型跃迁扰频器蓝图
41068,四联超级脉冲激光器蓝图 I
41069,调制型紧凑型四联超级脉冲激光器蓝图
41070,增强模式持久型四联超级脉冲激光器蓝图
41071,阳极视野型四联超级脉冲激光器蓝图
41072,无焦点精准四联超级脉冲激光器蓝图
41073,四联超级脉冲激光器蓝图 II
41074,黑暗血袭者四联超级脉冲激光器蓝图
41075,萨沙爱国者四联超级脉冲激光器蓝图
41085,三中子疾速加农炮蓝图 I
41086,校准型紧凑型三中子疾速加农炮蓝图
41087,增强模式持久型三中子疾速加农炮蓝图
41088,阳极视野型三中子疾速加农炮蓝图
41089,限量型精准三中子疾速加农炮蓝图
41090,三中子疾速加农炮蓝图 II
41091,暗影天蛇三中子疾速加农炮蓝图
41092,四联800mm频射加农炮蓝图 I
41093,紧凑型卡宾四联800mm频射加农炮蓝图
41094,充裕型镓金属四联800mm频射加农炮蓝图
41095,侦查员视野型四联800mm频射加农炮蓝图
41096,尖端型精准四联800mm频射加农炮蓝图
41097,四联800mm频射加农炮蓝图 II
41098,主天使四联800mm频射加农炮蓝图
41105,调制型紧凑型双联千兆级脉冲激光器蓝图
41106,增强模式持久型双联千兆级脉冲激光器蓝图
41107,阳极视野型双联千兆级脉冲激光器蓝图
41108,无焦点精准双联千兆级脉冲激光器蓝图
41110,双联千兆级脉冲激光器蓝图 II
41111,黑暗血袭者双联千兆级脉冲激光器蓝图
41113,萨沙爱国者双联千兆级脉冲激光器蓝图
41120,调制型紧凑型双联千兆级集束激光器蓝图
41121,增强模式持久型双联千兆级集束激光器蓝图
41122,阳极视野型双联千兆级集束激光器蓝图
41123,无焦点精准双联千兆级集束激光器蓝图
41124,黑暗血袭者双联千兆级集束激光器蓝图
41125,萨沙爱国者双联千兆级集束激光器蓝图
41132,校准型紧凑型离子会战疾速炮蓝图
41133,增强模式持久型离子会战疾速炮蓝图
41134,阳极视野型离子会战疾速炮蓝图
41135,限量型精准离子会战疾速炮蓝图
41136,离子会战疾速炮蓝图 II
41137,暗影天蛇离子会战疾速炮蓝图
41143,碳化物紧凑型双联1000mm磁轨炮蓝图
41144,压缩型持久型双联1000mm磁轨炮蓝图
41145,双联1000mm磁轨炮蓝图 II
41146,侦查员视野型双联1000mm磁轨炮蓝图
41147,暗影天蛇双联1000mm磁轨炮蓝图
41148,尖端型精准双联1000mm磁轨炮蓝图
41161,卡宾紧凑型六联2500mm频射加农炮蓝图
41162,镓金属充裕型六联2500mm频射加农炮蓝图
41163,侦查员视野型六联2500mm频射加农炮蓝图
41165,尖端型精准六联2500mm频射加农炮蓝图
41166,六联2500mm频射加农炮蓝图 II
41167,主天使六联2500mm频射加农炮蓝图
41168,碳化物紧凑型四联3500mm会战火炮蓝图
41169,镓金属充裕型四联3500mm会战火炮蓝图
41170,侦查员视野型四联3500mm会战火炮蓝图
41171,尖端型精准四联3500mm会战火炮蓝图
41172,四联3500mm会战火炮蓝图 II
41173,主天使四联3500mm会战火炮蓝图
41177,劲弩紧凑型超大型巡航导弹发射器蓝图
41178,TE-2100充裕型超大型巡航导弹发射器蓝图
41179,恐惧古斯塔斯超大型巡航导弹发射器蓝图
41183,劲弩紧凑型超大型鱼雷发射器蓝图
41184,TE-2100充裕型超大型鱼雷发射器蓝图
41185,恐惧古斯塔斯超大型鱼雷发射器蓝图
41186,双联千兆级集束激光器蓝图 II
41187,超大型巡航导弹发射器蓝图 II
41190,超大型鱼雷发射器蓝图 II
41221,重型停滞捕捉光束蓝图 I
41222,重型停滞捕捉光束蓝图 II
41225,快速鱼雷发射器蓝图 I
41226,劲弩紧凑型快速鱼雷发射器蓝图
41227,TE-2100充裕型快速鱼雷发射器蓝图
41228,快速鱼雷发射器蓝图 II
41229,恐惧古斯塔斯快速鱼雷发射器蓝图
41230,ECCM脚本蓝图
41242,10000MN加力燃烧器蓝图 I
41243,Y-S8紧凑型10000MN加力燃烧器蓝图
41244,单元推进持久型10000MN加力燃烧器蓝图
41245,10000MN加力燃烧器蓝图 II
41246,主天使10000MN加力燃烧器蓝图
41248,暗影天蛇10000MN加力燃烧器蓝图
41256,50000MN微型跃迁推进器蓝图 I
41257,Y-T8紧凑型50000MN微型跃迁推进器蓝图
41258,四联氟化锂抑制型50000MN微型跃迁推进器蓝图
41260,暗影天蛇50000MN微型跃迁推进器蓝图
41261,50000MN微型跃迁推进器蓝图 II
41262,主天使50000MN微型跃迁推进器蓝图
41278,鞭挞标枪超大型鱼雷蓝图
41279,鞭挞狂乱超大型鱼雷蓝图
41280,星爆标枪超大型鱼雷蓝图
41281,星爆狂乱超大型鱼雷蓝图
41282,雷神标枪超大型鱼雷蓝图
41283,雷神狂乱超大型鱼雷蓝图
41284,炼狱标枪超大型鱼雷蓝图
41285,炼狱狂乱超大型鱼雷蓝图
41288,炼狱精准超大型巡航导弹蓝图
41289,炼狱愤怒超大型巡航导弹蓝图
41292,鞭挞精准超大型巡航导弹蓝图
41293,鞭挞愤怒超大型巡航导弹蓝图
41296,星爆愤怒超大型巡航导弹蓝图
41297,星爆精准超大型巡航导弹蓝图
41300,雷神精准超大型巡航导弹蓝图
41301,雷神愤怒超大型巡航导弹蓝图
41313,冷气持久型50000MN微型跃迁推进器蓝图
41315,冰雹蓝图 XL
41317,雷暴蓝图 XL
41319,战栗蓝图 XL
41321,地震蓝图 XL
41323,涅槃蓝图 XL
41325,虚空蓝图 XL
41327,标枪蓝图 XL
41329,钉刺蓝图 XL
41331,灼烧蓝图 XL
41333,爆燃蓝图 XL
41335,微光蓝图 XL
41337,极光蓝图 XL
41351,独眼巨人蓝图 II
41352,槌骨蓝图 II
41353,螳螂蓝图 II
41354,斩裂剑蓝图 II
41355,阿米特蓝图 I
41356,阿米特蓝图 II
41361,白蚁蓝图 I
41362,白蚁蓝图 II
41363,安泰蓝图 I
41364,安泰蓝图 II
41365,长枪蓝图 I
41366,长枪蓝图 II
41367,修道士蓝图 I
41368,修道士蓝图 II
41369,圣甲虫蓝图 I
41370,圣甲虫蓝图 II
41371,塞壬蓝图 I
41372,塞壬蓝图 II
41373,德洛米蓝图 I
41374,德洛米蓝图 II
41375,圣殿骑士蓝图 II
41376,骑士蓝图 I
41377,骑士蓝图 II
41378,蜻蜓蓝图 II
41379,蚱蜢蓝图 I
41380,蚱蜢蓝图 II
41381,掷矛手蓝图 II
41382,萨梯蓝图 I
41383,萨梯蓝图 II
41384,因赫吉蓝图 II
41385,格拉墨蓝图 I
41386,格拉墨蓝图 II
41388,感应抑阻脉冲波投射器蓝图
41389,AOE制导超级武器蓝图
41390,能量中和脉冲波投射器蓝图
41391,目标照明脉冲波投射器蓝图
41392,武器扰断脉冲波投射器蓝图
41393,停滞缠绕脉冲波投射器蓝图
41394,跃迁扰断脉冲波投射器蓝图
41395,AOE ECM超级武器蓝图
41412,联网感应器阵列蓝图
41413,赫尔墨斯紧凑型铁骑舰载机辅助单元蓝图
41416,铁骑舰载机辅助单元蓝图 II
41418,缚魂铁骑舰载机辅助单元蓝图
41430,旧中型LNS材料回收蓝图 II
41431,旧中型I1材料回收蓝图 I
41432,旧中型I1材料回收蓝图 II
41433,旧中型I2材料回收蓝图 I
41434,旧中型I2材料回收蓝图 II
41435,旧大型冰矿分级处理器蓝图 I
41436,旧大型冰矿分级处理器蓝图 II
41437,旧中型LNS材料回收蓝图 I
41438,引力传输力场振荡器蓝图
41445,"""神圣命运""电磁长枪蓝图"
41446,"""铁矛""动能长枪蓝图"
41447,"""费拉里卡""热能长枪蓝图"
41448,"""吉拉沃""爆炸长枪蓝图"
41449,"""寒风""动能收割者蓝图"
41450,"""断头台""热能收割者蓝图"
41451,"""耶梦加得""爆炸收割者蓝图"
41452,"""神裁""电磁收割者蓝图"
41532,玻色力场发生器蓝图
41535,绷带集成式分析仪蓝图
41536,轭式集成式分析仪蓝图
41582,使徒级蓝图
41583,龙鸟级蓝图
41584,尼纳苏级蓝图
41585,利夫级蓝图
41590,装甲电磁抗性脚本蓝图
41591,装甲热能抗性脚本蓝图
41592,装甲动能抗性脚本蓝图
41593,装甲爆炸抗性脚本蓝图
41594,护盾电磁抗性脚本蓝图
41595,护盾热能抗性脚本蓝图
41596,护盾动能抗性脚本蓝图
41597,护盾爆炸抗性脚本蓝图
41598,电容注电器装料 3200蓝图
41599,旗舰级护盾扩展装置蓝图 I
41600,旗舰级F-S9覆盖式紧凑型护盾扩展装置蓝图
41601,旗舰级恒沸点抑制型护盾扩展装置蓝图
41602,旗舰级护盾扩展装置蓝图 II
41603,统合部旗舰级护盾扩展装置蓝图
41604,萨沙爱国者旗舰级护盾扩展装置蓝图
41605,恐惧古斯塔斯旗舰级护盾扩展装置蓝图
41606,主天使旗舰级护盾扩展装置蓝图
41607,25000mm钢附甲板蓝图 I
41608,25000mm紧凑型包金钨附甲板蓝图
41609,25000mm抑制型碳化晶体附甲板蓝图
41610,25000mm钢附甲板蓝图 II
41611,统合部25000mm钢附甲板蓝图
41612,黑暗血袭者25000mm钢附甲板蓝图
41613,暗影天蛇25000mm钢附甲板蓝图
41614,旗舰级I-a持久型装甲维修器蓝图
41615,旗舰级ACM紧凑型装甲维修器蓝图
41616,旗舰级装甲维修器蓝图 II
41618,黑暗血袭者旗舰级装甲维修器蓝图
41619,暗影天蛇旗舰级装甲维修器蓝图
41620,旗舰级辅助装甲维修器蓝图
41621,旗舰级I-ax持久型远程装甲维修器蓝图
41622,旗舰级共轴紧凑型远程装甲维修器蓝图
41623,旗舰级远程装甲维修器蓝图 II
41624,旗舰级抚慰视野型远程装甲维修器蓝图
41625,黑暗血袭者旗舰级远程装甲维修器蓝图
41626,暗影天蛇旗舰级远程装甲维修器蓝图
41627,旗舰级结构维修器蓝图 I
41628,旗舰级I-b持久型结构维修器蓝图
41629,旗舰级IEF紧凑型结构维修器蓝图
41630,旗舰级结构维修器蓝图 II
41631,旗舰级远程结构维修器蓝图 II
41632,旗舰级C-5L紧凑型护盾回充增量器蓝图
41633,旗舰级清澈防御持久型护盾回充增量器蓝图
41634,旗舰级护盾回充增量器蓝图 II
41635,萨沙爱国者旗舰级护盾回充增量器蓝图
41636,恐惧古斯塔斯旗舰级护盾回充增量器蓝图
41637,主天使旗舰级护盾回充增量器蓝图
41638,旗舰级辅助护盾回充增量器蓝图
41639,旗舰级电容器电池蓝图 I
41640,旗舰级紧凑型铅酸电容器电池蓝图
41641,旗舰级电容器电池蓝图 II
41642,主天使旗舰级电容器电池蓝图
41643,黑暗血袭者旗舰级电容器电池蓝图
41644,旗舰级电容注电器蓝图 I
41645,旗舰级F-RX紧凑型电容注电器蓝图
41646,旗舰级电容注电器蓝图 II
41647,黑暗血袭者旗舰级电容注电器蓝图
41648,萨沙爱国者旗舰级电容注电器蓝图
41649,小型辅助远程护盾回充增量器蓝图
41650,中型辅助远程护盾回充增量器蓝图
41651,大型辅助护盾远程回充增量器蓝图
41652,旗舰级辅助远程护盾回充增量器蓝图
41653,小型辅助远程装甲维修器蓝图
41654,中型辅助远程装甲维修器蓝图
41655,大型辅助远程装甲维修器蓝图
41656,旗舰级辅助远程装甲维修器蓝图
41657,旗舰级弯曲装甲增强器蓝图 I
41658,旗舰级弯曲装甲增强器蓝图 II
41659,黑暗血袭者旗舰级弯曲装甲增强器蓝图
41660,暗影天蛇旗舰级弯曲装甲增强器蓝图
41661,恐惧古斯塔斯旗舰级弯曲护盾增强器蓝图
41662,旗舰级弯曲护盾增强器蓝图 I
41663,旗舰级弯曲护盾增强器蓝图 II
41664,主天使旗舰级弯曲护盾增强器蓝图
41665,萨沙爱国者旗舰级弯曲护盾增强器蓝图
41666,旗舰级不对称持久型远程护盾回充增量器蓝图
41667,旗舰级昏暗紧凑型远程护盾回充增量器蓝图
41668,旗舰级S95a视野型远程护盾回充增量器蓝图
41669,主天使旗舰级远程护盾回充增量器蓝图
41670,恐惧古斯塔斯旗舰级远程护盾回充增量器蓝图
41671,萨沙爱国者旗舰级远程护盾回充增量器蓝图
41697,旗舰级辐射视野型远程电容传输装置蓝图
41698,旗舰级感应紧凑型远程电容传输装置蓝图
42134,先锋级蓝图
42135,尊者级蓝图
42136,猛烈级蓝图
42137,仇恨级蓝图
42138,征服者级蓝图
42524,拉比苏级蓝图
42525,凯帝斯级蓝图
42874,装甲电压强化弹药蓝图
42875,装甲强化弹药蓝图
42876,快速修理弹药蓝图
42877,电子增强弹药蓝图
42878,电子优势弹药蓝图
42879,感应器优化弹药蓝图
42880,采矿设备保护弹药蓝图
42881,采矿激光器力场增强弹药蓝图
42882,采矿激光优化弹药蓝图
42883,主动护盾防御弹药蓝图
42884,护盾扩展弹药蓝图
42885,护盾协调弹药蓝图
42886,机动规避弹药蓝图
42887,拦截机动弹药蓝图
42888,快速部署弹药蓝图
42889,脉冲激活式关联全能核心蓝图
42891,旗舰工业核心蓝图 II
43544,开采先锋脉冲波蓝图 I
43545,护盾指挥脉冲波蓝图 I
43546,游击战指挥脉冲波蓝图 I
43547,装甲指挥脉冲波蓝图 I
43548,信息战指挥脉冲波蓝图 I
43607,装甲指挥脉冲波蓝图 II
43608,信息战指挥脉冲波蓝图 II
43609,开采先锋脉冲波蓝图 II
43610,护盾指挥脉冲波蓝图 II
43611,游击战指挥脉冲波蓝图 II
43659,艾玛现象发生器蓝图
43661,加达里现象发生器蓝图
43663,盖伦特现象发生器蓝图
43665,米玛塔尔现象发生器蓝图
43902,小型指挥处理器蓝图 I
43904,中型指挥处理器蓝图 I
43906,大型指挥处理器蓝图 I
43908,旗舰级指挥处理器蓝图 I
43910,海豚级蓝图
43911,冰矿采集无人机蓝图 I
43912,冰矿采集无人机蓝图 II
43913,加强型冰矿采集无人机蓝图
43914,加强型采矿无人机蓝图
43915,采掘者采矿无人机蓝图
43916,采掘者冰矿采集无人机蓝图
43925,屹立旗舰级船坞蓝图 I
43926,屹立发明实验室蓝图 I
43927,屹立制造厂蓝图 I
43928,屹立研究实验室蓝图 I
43929,屹立超级旗舰级船坞蓝图 I
43934,收割者采矿无人机蓝图
44002,屹立中型设备制造材料效率蓝图 I
44003,屹立中型设备制造材料效率蓝图 II
44004,屹立中型设备制造时间效率蓝图 I
44005,屹立中型设备制造时间效率蓝图 II
44006,屹立中型弹药制造材料效率蓝图 I
44007,屹立中型弹药制造材料效率蓝图 II
44008,屹立中型弹药制造时间效率蓝图 I
44009,屹立中型弹药制造时间效率蓝图 II
44010,屹立中型无人机和铁骑舰载机制造材料效率蓝图 I
44011,屹立中型无人机和铁骑舰载机制造材料效率蓝图 II
44012,屹立中型无人机和铁骑舰载机制造时间效率蓝图 I
44013,屹立中型无人机和铁骑舰载机制造时间效率蓝图 II
44014,屹立中型基础小型舰船制造材料效率蓝图 I
44015,屹立中型基础小型舰船制造材料效率蓝图 II
44016,屹立中型基础小型舰船制造时间效率蓝图 I
44017,屹立中型基础小型舰船制造时间效率蓝图 II
44018,屹立中型基础中型舰船制造材料效率蓝图 I
44019,屹立中型基础中型舰船制造材料效率蓝图 II
44020,屹立中型基础中型舰船制造时间效率蓝图 I
44021,屹立中型基础中型舰船制造时间效率蓝图 II
44022,屹立中型基础大型舰船制造材料效率蓝图 I
44023,屹立中型基础大型舰船制造材料效率蓝图 II
44024,屹立中型基础大型舰船制造时间效率蓝图 I
44025,屹立中型基础大型舰船制造时间效率蓝图 II
44026,屹立中型高级小型舰船制造材料效率蓝图 I
44027,屹立中型高级小型舰船制造材料效率蓝图 II
44028,屹立中型高级小型舰船制造时间效率蓝图 I
44029,屹立中型高级小型舰船制造时间效率蓝图 II
44030,屹立中型高级中型舰船制造材料效率蓝图 I
44031,屹立中型高级中型舰船制造材料效率蓝图 II
44032,屹立中型高级中型舰船制造时间效率蓝图 I
44033,屹立中型高级中型舰船制造时间效率蓝图 II
44034,屹立中型高级大型舰船制造材料效率蓝图 I
44035,屹立中型高级大型舰船制造材料效率蓝图 II
44036,屹立中型高级大型舰船制造时间效率蓝图 I
44037,屹立中型高级大型舰船制造时间效率蓝图 II
44038,屹立中型高级组件制造材料效率蓝图 I
44039,屹立中型高级组件制造材料效率蓝图 II
44040,屹立中型高级组件制造时间效率蓝图 I
44041,屹立中型高级组件制造时间效率蓝图 II
44042,屹立中型基础旗舰组件制造材料效率蓝图 I
44043,屹立中型基础旗舰组件制造材料效率蓝图 II
44044,屹立中型基础旗舰组件制造时间效率蓝图 I
44045,屹立中型基础旗舰组件制造时间效率蓝图 II
44046,屹立中型建筑制造材料效率蓝图 I
44047,屹立中型建筑制造材料效率蓝图 II
44048,屹立中型建筑制造时间效率蓝图 I
44049,屹立中型建筑制造时间效率蓝图 II
44050,屹立中型发明成本优化蓝图 I
44051,屹立中型发明成本优化蓝图 II
44052,屹立中型发明加速器蓝图 I
44053,屹立中型发明加速蓝图 II
44054,屹立中型材料效率研究成本优化蓝图 I
44055,屹立中型材料效率研究成本优化蓝图 II
44056,屹立中型材料效率研究加速蓝图 I
44057,屹立中型材料效率研究加速蓝图 II
44058,屹立中型时间效率研究成本优化蓝图 I
44059,屹立中型时间效率研究成本优化蓝图 II
44060,屹立中型时间效率研究加速器蓝图 I
44061,屹立中型时间效率研究加速器蓝图 II
44062,屹立中型蓝图拷贝成本优化蓝图 I
44063,屹立中型蓝图拷贝成本优化蓝图 II
44064,屹立中型蓝图拷贝加速器蓝图 I
44065,屹立中型蓝图拷贝加速蓝图 II
44074,屹立大型高级中型舰船制造效率蓝图 I
44075,屹立大型高级中型舰船制造效率蓝图 II
44076,屹立大型高级小型舰船制造效率蓝图 I
44077,屹立大型高级小型舰船制造效率蓝图 II
44078,屹立大型基础旗舰组件制造效率蓝图 I
44079,屹立大型基础旗舰组件制造效率蓝图 II
44080,屹立大型基础中型舰船制造效率蓝图 I
44081,屹立大型基础中型舰船制造效率蓝图 II
44082,屹立大型基础小型舰船制造效率蓝图 I
44083,屹立大型基础小型舰船制造效率蓝图 II
44084,屹立大型蓝图拷贝优化蓝图 I
44085,屹立大型蓝图拷贝优化蓝图 II
44086,屹立大型旗舰制造效率蓝图 I
44087,屹立大型旗舰制造效率蓝图 II
44088,屹立大型无人机和铁骑舰载机制造效率蓝图 I
44089,屹立大型无人机和铁骑舰载机制造效率蓝图 II
44090,屹立大型发明优化蓝图 I
44091,屹立大型发明优化蓝图 II
44092,屹立大型材料效率研究优化蓝图 I
44093,屹立大型材料效率研究优化蓝图 II
44094,屹立大型建筑制造效率蓝图 I
44095,屹立大型建筑制造效率蓝图 II
44096,屹立大型时间效率研究优化蓝图 I
44097,屹立大型时间效率研究优化蓝图 II
44103,反弹道导弹发射器蓝图 I
44106,旭日级蓝图
44115,托雷尔的定制磁性力场稳定器蓝图
44116,卡塔拉的定制磁性力场稳定器蓝图
44117,瓦达里的定制回转稳定器蓝图
44118,塔隆的定制散热槽蓝图
45011,聚焦跃迁扰频脚本蓝图
45043,大衮级蓝图
45044,基抹级蓝图
45045,摩洛克级蓝图
45486,安抚者级蓝图
45487,执法者级蓝图
45528,元帅级蓝图
45532,胜利者级蓝图
45533,收藏家级蓝图
45535,监视者级蓝图
45540,屹立复合反应堆蓝图 I
45541,屹立混合反应堆蓝图 I
45542,屹立生化反应堆蓝图 I
45545,屹立中型图克尔基础旗舰组件制造材料效率蓝图
45547,屹立大型图克尔基础旗舰组件制造效率蓝图
45549,屹立超大型图克尔建筑和组件制造效率蓝图
45551,屹立三岛研究实验室蓝图
45642,屹立中型图克尔高级组件制造材料效率蓝图
45643,屹立大型图克尔高级组件制造效率蓝图
45644,赤龟级蓝图
45646,凯门鳄级蓝图
45648,科莫多级蓝图
45656,超导磁力放大器蓝图
45657,超导引力放大器蓝图
45658,超导雷达放大器蓝图
45659,超导光雷达放大器蓝图
45681,圣卒防御 - 隐形优化器蓝图
45682,圣卒防御 - 增强装甲板蓝图
45683,圣卒防御 - 纳米机器人喷注器蓝图
45684,金鹏防御 - 隐形优化器蓝图
45685,金鹏防御 - 辅助保护幕墙蓝图
45686,金鹏防御 - 放大节点蓝图
45687,海神防御 - 隐形优化器蓝图
45688,海神防御 - 增强无人机装甲板蓝图
45689,海神防御 - 纳米机器人喷注器蓝图
45690,洛基防御 - 隐形优化器蓝图
45691,洛基防御 - 增强耐用装置蓝图
45692,洛基防御 - 自适应防御节点蓝图
45693,圣卒攻击 - 液晶放大器蓝图
45694,圣卒攻击 - 攻击导弹优化器蓝图
45695,圣卒攻击 - 后勤处理器蓝图
45696,金鹏攻击 - 加速弹射舱蓝图
45697,金鹏攻击 - 磁性注入闸蓝图
45698,金鹏攻击 - 后勤处理器蓝图
45699,海神攻击 - 混合解码平台蓝图
45700,海神攻击 - 无人机合成投射装置蓝图
45701,海神攻击 - 后勤处理器蓝图
45702,洛基攻击 - 弹道描迹阵列蓝图
45703,洛基攻击 - 发射器增效装置蓝图
45704,洛基攻击 - 后勤处理器蓝图
45705,圣卒推进 - 拦截湮灭者蓝图
45706,圣卒推进 - 间层纳米纤维蓝图
45707,圣卒推进 - 尾迹抑制器蓝图
45708,金鹏推进 - 拦截湮灭者蓝图
45709,金鹏推进 - 机舱优化蓝图
45710,金鹏推进 - 燃料催化器蓝图
45711,海神推进 - 拦截湮灭者蓝图
45712,海神推进 - 超空间优化器蓝图
45713,海神推进 - 分布喷注器蓝图
45714,洛基推进 - 拦截湮灭者蓝图
45715,洛基推进 - 间层纳米纤维蓝图
45716,洛基推进 - 尾迹抑制器蓝图
45717,圣卒核心 - 散解程控装置蓝图
45718,圣卒核心 - 增强反物质反应堆蓝图
45719,圣卒核心 - 能量寄取集成体蓝图
45720,金鹏核心 - 电子效能组合逻辑元件蓝图
45721,金鹏核心 - 增强引力子反应堆蓝图
45722,金鹏核心 - 干扰管蓝图
45723,海神核心 - 电子效能组合逻辑元件蓝图
45724,海神核心 - 增强聚变反应堆蓝图
45725,海神核心 - 分歧缓散处理器蓝图
45726,洛基核心 - 散解程控装置蓝图
45727,洛基核心 - 增强核反应堆蓝图
45728,洛基核心 - 停滞光束驱动器蓝图
45732,测试反应堆蓝图
46157,亚甲基富勒烯反应配方
46158,富勒二茂铁反应配方
46159,PPD富勒烯纤维反应配方
46160,富勒烯层间石墨反应配方
46161,金属富勒烯镧反应配方
46162,金属富勒烯钪反应配方
46163,石墨烯纳米带反应配方
46164,碳86环氧树脂反应配方
46165,C3-FTM酸反应配方
46166,镉化铯反应配方
46167,碳聚合物反应配方
46168,陶瓷粉末反应配方
46169,微晶合金反应配方
46170,镝汞合金反应配方
46171,菲尔合金反应配方
46172,铁磁流体反应配方
46173,熔融冷凝物反应配方
46174,六元复合物反应配方
46175,超氟化物反应配方
46176,新汞合金反应配方
46177,铂锝合金反应配方
46178,轧制钨合金反应配方
46179,二硼硅反应配方
46180,铯铬合金反应配方
46181,硫酸反应配方
46182,铬化钛反应配方
46183,铪化钒反应配方
46184,稀土钷反应配方
46185,铥铪合金反应配方
46186,钷汞合金反应配方
46187,粗糙的铪化钒反应配方
46188,粗糙的铂锝合金反应配方
46189,粗糙的铯铬合金反应配方
46190,粗糙的镉化铯反应配方
46191,粗糙的六元复合物反应配方
46192,粗糙的轧制钨合金反应配方
46193,粗糙的铬化钛反应配方
46194,粗糙的菲尔合金反应配方
46195,粗糙的微晶合金反应配方
46196,粗糙的超氟化物反应配方
46197,粗糙的铁磁流体反应配方
46198,粗糙的稀土钷反应配方
46199,粗糙的新汞合金反应配方
46200,粗糙的镝汞合金反应配方
46201,粗糙的熔融冷凝物反应配方
46202,粗糙的铥铪合金反应配方
46203,粗糙的钷汞合金反应配方
46204,碳化钛反应配方
46205,碳化晶体反应配方
46206,菲尔合金碳化物反应配方
46207,碳化钨反应配方
46208,多晶碳化硅纤维反应配方
46209,富勒化合物反应配方
46210,酚合成物反应配方
46211,纳米晶体管反应配方
46212,超级突触纤维反应配方
46213,铁磁胶体反应配方
46214,费米子冷凝物反应配方
46215,等离子体超材料反应配方
46216,太赫兹超材料反应配方
46217,光子超材料反应配方
46218,非线性超材料反应配方
46219,合成型坠落感增效体反应配方
46220,合成型游离感增效体反应配方
46221,合成型疯癫增效体反应配方
46222,标准型疯癫增效体反应配方
46223,标准型坠落感增效体反应配方
46224,标准型游离感增效体反应配方
46225,标准型思维冲击增效体反应配方
46226,标准型X—本能增效体反应配方
46227,标准型梦呓增效体反应配方
46228,合成型思维冲击增效体反应配方
46229,合成型梦呓增效体反应配方
46230,标准型蓝色药丸增效体反应配方
46231,标准型撞击感增效体反应配方
46232,合成型X—本能增效体反应配方
46233,合成型蓝色药丸增效体反应配方
46234,合成型撞击感增效体反应配方
46235,超强型蓝色药丸增效体反应配方
46236,加强型撞击感增效体反应配方
46237,加强型坠落感增效体反应配方
46238,加强型游离感增效体反应配方
46240,加强型思维冲击增效体反应配方
46241,加强型疯癫增效体反应配方
46242,加强型X—本能增效体反应配方
46243,加强型梦呓增效体反应配方
46244,超强型撞击感增效体反应配方
46245,超强型坠落感增效体反应配方
46246,超强型游离感增效体反应配方
46247,超强型思维冲击增效体反应配方
46248,超强型疯癫增效体反应配方
46249,超强型X—本能增效体反应配方
46250,超强型梦呓增效体反应配方
46251,加强型蓝色药丸增效体反应配方
46350,常见卫星矿石采集晶体A型蓝图 I
46351,常见卫星矿石采集晶体A型蓝图 II
46352,普通卫星矿石采集晶体A型蓝图 I
46353,普通卫星矿石采集晶体A型蓝图 II
46357,罕见卫星矿石采集晶体A型蓝图 I
46358,罕见卫星矿石采集晶体A型蓝图 II
46359,稀有卫星矿石采集晶体A型蓝图 I
46360,稀有卫星矿石采集晶体A型蓝图 II
46361,非凡卫星矿石采集晶体A型蓝图 I
46362,非凡卫星矿石采集晶体A型蓝图 II
46500,屹立大型卫星钻探精通蓝图 II
46501,屹立大型卫星钻探精通蓝图 I
46502,屹立中型卫星钻探稳定蓝图 II
46503,屹立中型卫星钻探稳定蓝图 I
46504,屹立中型卫星钻探效率蓝图 II
46505,屹立中型卫星钻探效率蓝图 I
46506,屹立中型复合反应堆时间效率蓝图 I
46507,屹立中型复合反应堆时间效率蓝图 II
46508,屹立中型复合反应堆材料效率蓝图 I
46509,屹立中型复合反应堆材料效率蓝图 II
46510,屹立中型混合反应堆时间效率蓝图 I
46511,屹立中型混合反应堆时间效率蓝图 II
46512,屹立中型混合反应堆材料效率蓝图 I
46513,屹立中型混合反应堆材料效率蓝图 II
46514,屹立中型生化反应堆时间效率蓝图 I
46515,屹立中型生化反应堆时间效率蓝图 II
46516,屹立中型生化反应堆材料效率蓝图 I
46517,屹立中型生化反应堆材料效率蓝图 II
46518,屹立大型反应堆效率蓝图 I
46519,屹立大型反应堆效率蓝图 II
46576,黑暗血袭者屹立重型能量中和器蓝图
46578,恐惧古斯塔斯屹立可变光谱ECM蓝图
46643,屹立中型小行星矿石分级处理器蓝图 I
46644,屹立中型小行星矿石分级处理器蓝图 II
46645,屹立中型冰矿分级处理器蓝图 I
46646,屹立中型冰矿分级处理器蓝图 II
46647,屹立中型卫星矿石分级处理器蓝图 I
46648,屹立中型卫星矿石分级处理器蓝图 II
46649,屹立大型提炼监控蓝图 I
46650,屹立大型提炼监控蓝图 II
46651,屹立超大型提炼监控蓝图 I
46652,屹立超大型提炼监控蓝图 II
47040,神经网络'黑镜'网络入侵920-40蓝图
47107,屹立目标照明脉冲波投射器蓝图
47109,屹立武器扰断脉冲波投射器蓝图
47110,屹立ECM干扰脉冲波投射器蓝图
47111,屹立感应抑阻脉冲波投射器蓝图
47112,屹立停滞缠绕脉冲波投射器蓝图
47113,屹立跃迁扰断脉冲波投射器蓝图
47114,屹立能量中和脉冲波投射器蓝图
47115,屹立引力传输力场振荡器蓝图
47208,屹立圣殿骑士蓝图 I
47209,屹立蜻蜓蓝图 I
47210,屹立掷矛手蓝图 I
47211,屹立因赫吉蓝图 I
47212,屹立圣殿骑士蓝图 II
47213,屹立骑士蓝图 I
47214,屹立骑士蓝图 II
47215,屹立蜻蜓蓝图 II
47216,屹立蚱蜢蓝图 I
47217,屹立蚱蜢蓝图 II
47218,屹立掷矛手蓝图 II
47219,屹立萨梯蓝图 I
47220,屹立萨梯蓝图 II
47221,屹立因赫吉蓝图 II
47222,屹立格拉墨蓝图 I
47223,屹立格拉墨蓝图 II
47224,屹立修道士蓝图 I
47225,屹立修道士蓝图 II
47226,屹立圣甲虫蓝图 I
47227,屹立圣甲虫蓝图 II
47228,屹立塞壬蓝图 I
47229,屹立塞壬蓝图 II
47230,屹立德洛米蓝图 I
47231,屹立德洛米蓝图 II
47232,屹立暗影无人机蓝图
47233,屹立独眼巨人蓝图 I
47234,屹立槌骨蓝图 I
47235,屹立斩裂剑蓝图 I
47236,屹立螳螂蓝图 I
47237,屹立独眼巨人蓝图 II
47238,屹立槌骨蓝图 II
47239,屹立螳螂蓝图 II
47240,屹立斩裂剑蓝图 II
47241,屹立阿米特蓝图 I
47242,屹立阿米特蓝图 II
47243,屹立白蚁蓝图 I
47244,屹立白蚁蓝图 II
47245,屹立安泰蓝图 I
47246,屹立安泰蓝图 II
47247,屹立长枪蓝图 I
47248,屹立长枪蓝图 II
47259,突击型损伤控制蓝图 I
47260,突击型损伤控制蓝图 II
47322,屹立多功能导弹发射器蓝图 II
47324,屹立反旗舰导弹发射器蓝图 II
47326,屹立制导炸弹发射器蓝图 II
47328,屹立定点防御炮塔蓝图 II
47331,屹立超大型能量中和器蓝图 II
47333,屹立重型能量中和器蓝图 II
47335,屹立聚焦跃迁扰断器蓝图 II
47337,屹立聚焦跃迁扰频脚本蓝图
47339,屹立可变光谱ECM蓝图 II
47341,屹立导弹制导增强器蓝图 II
47343,屹立弹道控制系统蓝图 II
47345,屹立协处理器阵列蓝图 II
47346,屹立反应堆控制组件蓝图 II
47349,屹立信号放大器蓝图 II
47350,屹立停滞缠绕光束蓝图 II
47354,屹立电容器电池蓝图 I
47355,屹立电容器电池蓝图 II
47357,屹立电容能源继电器蓝图 I
47359,屹立电容能源继电器蓝图 II
47361,屹立覆层装甲附甲蓝图 I
47363,屹立覆层装甲附甲蓝图 II
47365,屹立武器扰断器蓝图 II
47367,屹立目标标记装置蓝图 II
47369,屹立远程感应抑阻器蓝图 II
47716,实践级蓝图
47966,达玛维克级蓝图
47967,维德马克级蓝图
47968,勒沙克级蓝图
47969,轻型熵能分解者蓝图 I
47970,轻型熵能分解者蓝图 II
47971,重型熵能分解者蓝图 I
47972,重型熵能分解者蓝图 II
47973,潮上熵能分解者蓝图 I
47974,潮上熵能分解者蓝图 II
48095,熵辐射槽蓝图 I
48096,熵辐射槽蓝图 II
48097,四重子异种等离子弹蓝图 S
48098,重子异种等离子弹蓝图 S
48099,介子异种等离子弹蓝图 S
48100,神秘蓝图 S
48101,奥秘蓝图 S
48102,四重子异种等离子弹蓝图 M
48103,重子异种等离子弹蓝图 M
48104,介子异种等离子弹蓝图 M
48105,神秘蓝图 M
48106,奥秘蓝图 M
48107,四重子异种等离子弹蓝图 L
48108,重子异种等离子弹蓝图 L
48109,介子异种等离子弹蓝图 L
48110,神秘蓝图 L
48111,奥秘蓝图 L
48469,轻型紧凑型熵能分解者蓝图
48470,轻型视野型熵能分解者蓝图
48471,重型紧凑型熵能分解者蓝图
48472,重型视野型熵能分解者蓝图
48473,潮上紧凑型熵能分解者蓝图
48474,潮上视野型熵能分解者蓝图
48637,提亚玛特级蓝图
48638,九头蛇级蓝图
48745,"""颠覆""JVN-UC49蓝图"
48923,"过期的基础型""光辉""大脑加速器蓝图"
48924,"过期的标准""光辉""大脑加速器蓝图"
48925,"过期的高级""光辉""大脑加速器蓝图"
48926,"过期的延展型""光辉""大脑加速器蓝图"
48945,Nov Imp B BPC
48946,Nov Imp S BPC
48947,Nov Imp E BPC
48948,Nov Imp A BPC
48949,Nov Mod BPC
49100,零点质量纠缠装置蓝图
49625,昇威纪念碑1M蓝图
49626,昇威纪念碑1F蓝图
49714,奇奇莫拉级蓝图
49715,德雷卡瓦级蓝图
49716,洛迪瓦级蓝图
49717,扎玛德级蓝图
49721,建筑导管联结器蓝图
49775,重型突变适应远程装甲维修器蓝图 I
49776,重型突变适应视野型远程装甲维修器蓝图
49777,重型突变适应紧凑型远程装甲维修器蓝图
49778,重型突变适应远程装甲维修器蓝图 II
49779,雷电裔重型突变适应远程装甲维修器蓝图
49967,"过期的基础型""冻脑""大脑加速器蓝图"
49968,"过期的标准""冻脑""大脑加速器蓝图"
49969,"过期的高级""冻脑""大脑加速器蓝图"
49970,"过期的延展型""冻脑""大脑加速器蓝图"
49971,ML-EKP '多重' 弹道控制系统蓝图
49972,霜线 '锁骨' 集成式分析仪蓝图
49973,霜线 '杂食' 采集能力提升器蓝图
50011,过期的基础型'激情'大脑加速器蓝图
50012,过期的标准'激情'大脑加速器蓝图
50013,过期的高级'激情'大脑加速器蓝图
50014,过期的延展型'激情'大脑加速器蓝图
50068,审查'享乐'缠绕优化器WS-802蓝图
50072,审查'享乐'缠绕优化器WS-803蓝图
50073,审查'享乐'缠绕优化器WS-804蓝图
52237,曙光轻型熵能分解者蓝图
52239,曙光重型熵能分解者蓝图
52241,曙光潮上熵能分解者蓝图
52243,曙光熵辐射槽蓝图
52245,暗泽裔熵辐射槽蓝图
52251,涅伽尔级蓝图
52253,伊基图萨级蓝图
52255,德拉古级蓝图
52348,暗泽裔轻型熵能分解者蓝图
52349,暗泽裔重型熵能分解者蓝图
52350,暗泽裔潮上熵能分解者蓝图
52684,低级仿生 - 阿尔法型蓝图
52685,低级仿生 - 贝它型蓝图
52686,低级仿生 - 伽玛型蓝图
52687,低级仿生 - 德尔塔型蓝图
52688,低级仿生- 伊普西隆型蓝图
52689,低级仿生 - 欧米伽型蓝图
52695,工业诱导力场发生器蓝图
52791,中级仿生 - 阿尔法型蓝图
52792,中级仿生 - 贝它型蓝图
52793,中级仿生 - 德尔塔型蓝图
52794,中级仿生- 伊普西隆型蓝图
52795,中级仿生 - 伽玛型蓝图
52796,中级仿生 - 欧米伽型蓝图
52818,基础型'平等'大脑加速器蓝图
52819,标准'平等'大脑加速器蓝图
52820,延展型'平等'大脑加速器蓝图
52821,基础型'融合'大脑加速器蓝图
52822,标准'融合'大脑加速器蓝图
52823,延展型'融合'大脑加速器蓝图
52824,基础型'古力西瓦'大脑加速器蓝图
52825,标准'古力西瓦'大脑加速器蓝图
52826,延展型'古力西瓦'大脑加速器蓝图
52827,"基础型""光辉""大脑加速器蓝图"
52828,"标准""光辉""大脑加速器蓝图"
52829,"延展型""光辉""大脑加速器蓝图"
52830,"基础型""突触""主宰加速器蓝图"
52831,"标准""突触""主宰加速器蓝图"
52832,"延展型""突触""主宰加速器蓝图"
52972,高级仿生 - 阿尔法型蓝图
52974,高级仿生 - 贝它型蓝图
52975,高级仿生 - 德尔塔型蓝图
52976,高级仿生- 伊普西隆型蓝图
52977,高级仿生 - 伽玛型蓝图
52978,高级仿生 - 欧米伽型蓝图
53029,泽尼塔级蓝图
53030,潮极熵能分解者蓝图 I
53031,重子异种等离子弹蓝图 XL
53032,旗舰级潮极熵能支架蓝图
53033,旗舰级辐射转化装置蓝图
53034,旗舰级吸收推进器阵列蓝图
53303,四重子异种等离子弹蓝图 XL
53304,介子异种等离子弹蓝图 XL
53722,中级极乐 - 阿尔法型蓝图
53723,中级极乐 - 贝它型蓝图
53724,中级极乐 - 德尔塔型蓝图
53725,中级极乐 - 伊普西隆型蓝图
53726,中级极乐 - 伽玛型蓝图
53727,中级极乐 - 欧米伽型蓝图
53728,高级极乐 - 阿尔法型蓝图
53729,高级极乐 - 贝它型蓝图
53730,高级极乐 - 德尔塔型蓝图
53731,高级极乐 - 伊普西隆型蓝图
53732,高级极乐 - 伽玛型蓝图
53733,高级极乐 - 欧米伽型蓝图
53859,低级极乐 - 阿尔法型蓝图
53860,低级极乐 - 贝它型蓝图
53861,低级极乐 - 德尔塔型蓝图
53862,低级极乐 - 伊普西隆型蓝图
53863,低级极乐 - 伽玛型蓝图
53864,低级极乐 - 欧米伽型蓝图
53908,高级救世 - 阿尔法型蓝图
53909,高级救世 - 贝它型蓝图
53910,高级救世 - 伽玛型蓝图
53911,高级救世 - 德尔塔型蓝图
53912,高级救世 - 伊普西隆型蓝图
53913,高级救世 - 欧米伽型蓝图
53914,中级救世 - 阿尔法型蓝图
53915,中级救世 - 贝它型蓝图
53916,中级救世 - 伽玛型蓝图
53917,中级救世 - 德尔塔型蓝图
53918,中级救世 - 伊普西隆型蓝图
53919,中级救世 - 欧米伽型蓝图
53920,低级救世 - 阿尔法型蓝图
53921,低级救世 - 贝它型蓝图
53922,低级救世 - 伽玛型蓝图
53923,低级救世 - 德尔塔型蓝图
53924,低级救世 - 伊普西隆型蓝图
53925,低级救世 - 欧米伽型蓝图
53988,噪声-15“挺针”纤维蓝图
53989,信号-15“挺针”纤维蓝图
53990,噪声-25“挺针”纤维蓝图
53991,信号-25“挺针”纤维蓝图
54410,高级九头蛇 - 阿尔法型蓝图
54411,高级九头蛇 - 贝它型蓝图
54412,高级九头蛇 - 伽玛型蓝图
54413,高级九头蛇 - 德尔塔型蓝图
54414,高级九头蛇 - 伊普西隆型蓝图
54415,高级九头蛇 - 欧米伽型蓝图
54416,中级九头蛇 - 阿尔法型蓝图
54417,中级九头蛇 - 贝它型蓝图
54418,中级九头蛇 - 伽玛型蓝图
54419,中级九头蛇 - 德尔塔型蓝图
54420,中级九头蛇 - 伊普西隆型蓝图
54421,中级九头蛇 - 欧米伽型蓝图
54422,低级九头蛇 - 阿尔法型蓝图
54423,低级九头蛇 - 贝它型蓝图
54424,低级九头蛇 - 伽玛型蓝图
54425,低级九头蛇 - 德尔塔型蓝图
54426,低级九头蛇 - 伊普西隆型蓝图
54427,低级九头蛇 - 欧米伽型蓝图
54842,破天级蓝图
54843,唤风级蓝图
54844,雷裔级蓝图
54845,小型电弧弦投射器蓝图 I
54846,大型财团电弧弦投射器蓝图
54848,小型紧凑型电弧弦投射器蓝图
54849,小型视野型电弧弦投射器蓝图
54850,小型电弧弦投射器蓝图 II
54851,小型财团电弧弦投射器蓝图
54852,中型电弧弦投射器蓝图 I
54853,中型紧凑型电弧弦投射器蓝图
54854,中型视野型电弧弦投射器蓝图
54855,中型电弧弦投射器蓝图 II
54856,中型财团电弧弦投射器蓝图
54857,大型电弧弦投射器蓝图 I
54858,大型紧凑型电弧弦投射器蓝图
54859,大型视野型电弧弦投射器蓝图
54860,大型电弧弦投射器蓝图 II
54861,加瓦波电容包蓝图 S
54862,梅斯流电容包蓝图 S
54863,爆发电容包蓝图 S
54864,瞬闪电容包蓝图 S
54865,加瓦波电容包蓝图 M
54866,梅斯流电容包蓝图 M
54867,爆发电容包蓝图 M
54868,瞬闪电容包蓝图 M
54869,加瓦波电容包蓝图 L
54870,梅斯流电容包蓝图 L
54871,爆发电容包蓝图 L
54872,瞬闪电容包蓝图 L
54873,电弧弦调谐系统蓝图 I
54874,紧凑型电弧弦调谐系统  蓝图
54876,电弧弦调谐系统蓝图 II
54884,超级电击蓝图 S
54885,超级狙击蓝图 S
54886,超级电击蓝图 M
54887,超级狙击蓝图 M
54888,超级电击蓝图 L
54889,超级狙击蓝图 L
55762,打捞无人机蓝图 II
55763,'浸入'打捞无人机蓝图
55861,'扒手'电磁电压薄膜蓝图
55863,'诱惑'爆炸电压薄膜蓝图
56702,移动式生物质收割者蓝图
56734,战术克隆重制体蓝图
56749,停滞缠绕探针蓝图
56832,纳米触发式克隆映射装置蓝图
57129,低级销魂 - 阿尔法型蓝图
57130,低级销魂 - 贝它型蓝图
57131,低级销魂 - 伽玛型蓝图
57132,低级销魂 - 德尔塔型蓝图
57133,低级销魂 - 伊普西隆型蓝图
57134,中级销魂 - 阿尔法型蓝图
57135,中级销魂 - 贝它型蓝图
57136,中级销魂 - 伽玛型蓝图
57137,中级销魂 - 德尔塔型蓝图
57138,中级销魂 - 伊普西隆型蓝图
57139,中级销魂 - 欧米伽型蓝图
57140,高级销魂 - 阿尔法型蓝图
57142,高级销魂 - 贝它型蓝图
57143,高级销魂 - 伽玛型蓝图
57144,高级销魂 - 德尔塔型蓝图
57145,高级销魂 - 伊普西隆型蓝图
57146,高级销魂 - 欧米伽型蓝图
57147,低级销魂 - 欧米伽型蓝图
57429,移动式诱导信标蓝图
57490,碳纤维反应配方
57491,富氧有机溶剂反应配方
57492,增压氧化剂反应配方
57493,强化碳纤维反应配方
57494,热固性聚合物反应配方
57495,变换反应神经链接增强器反应配方
57496,致幻神经链接增强器反应配方
57497,轴体神经链接增强器反应配方
57498,感知神经链接增强器反应配方
57499,启发神经链接增强器反应配方
57500,等向性新富勒烯阿尔法-3反应配方
57501,等向性新富勒烯贝它-6反应配方
57502,等向性新富勒烯伽玛-9反应配方
57503,循环式神经链接稳定器反应配方
57504,反应式神经链接稳定器反应配方
57505,承压式神经链接稳定器反应配方
57506,目标式神经链接稳定器反应配方
57507,U-C触发式神经链接回路蓝图
57508,R-O触发式神经链接回路蓝图
57509,S-R触发式神经链接回路蓝图
57510,G-O触发式神经链接回路蓝图
57511,雷达超光速链接通信器蓝图
57512,引力超光速链接通信器蓝图
57513,磁力超光速链接通信器蓝图
57514,光雷达超光速链接通信器蓝图
57515,自动修复储藏装置密封蓝图
57516,核心温度调节器蓝图
57517,可编程净化薄膜蓝图
57518,基因锁储藏装置蓝图
57519,基因保护过滤装置蓝图
57520,神经链接增强器存储装置蓝图
57521,基因结构维修装置蓝图
57522,基因突变抑制装置蓝图
57523,生命保障备份装置蓝图
57524,旗舰核心温度调节器蓝图
57525,神经链接防护单元蓝图
57526,加强型神经链接防护单元蓝图
58905,移动观测站蓝图
58955,拦截失效装置蓝图 I
58973,紧凑型拦截失效装置蓝图
58974,抑制型拦截失效装置蓝图
58975,拦截失效装置蓝图 II
59171,大型工业核心蓝图 I
59172,大型工业核心蓝图 II
59632,隐秘移动式诱导信标蓝图
59678,超强型暗影戒卫增效体蓝图
60338,气云采集器蓝图 I
60339,气云采集器蓝图 II
60340,联合矿业气云采集器蓝图
60341,普通小行星采集晶体A型蓝图 I
60342,普通小行星采集晶体A型蓝图 II
60343,聚合小行星采集晶体A型蓝图 I
60344,聚合小行星采集晶体A型蓝图 II
60345,斑驳小行星采集晶体A型蓝图 I
60346,斑驳小行星采集晶体A型蓝图 II
60347,复杂小行星采集晶体A型蓝图 I
60348,复杂小行星采集晶体A型蓝图 II
60349,深渊小行星采集晶体A型蓝图 I
60350,深渊小行星采集晶体A型蓝图 II
60351,普通小行星采集晶体B型蓝图 II
60352,普通小行星采集晶体C型蓝图 II
60353,聚合小行星采集晶体B型蓝图 II
60354,聚合小行星采集晶体C型蓝图 II
60355,斑驳小行星采集晶体B型蓝图 II
60356,斑驳小行星采集晶体C型蓝图 II
60357,复杂小行星采集晶体B型蓝图 II
60358,复杂小行星采集晶体C型蓝图 II
60359,深渊小行星采集晶体B型蓝图 II
60360,深渊小行星采集晶体C型蓝图 II
60361,基腹断岩小行星采集晶体B型蓝图 II
60362,基腹断岩小行星采集晶体C型蓝图 II
60363,普通小行星采集晶体B型蓝图 I
60364,普通小行星采集晶体C型蓝图 I
60365,聚合小行星采集晶体B型蓝图 I
60366,聚合小行星采集晶体C型蓝图 I
60367,斑驳小行星采集晶体B型蓝图 I
60368,斑驳小行星采集晶体C型蓝图 I
60369,复杂小行星采集晶体B型蓝图 I
60370,复杂小行星采集晶体C型蓝图 I
60371,深渊小行星采集晶体B型蓝图 I
60372,深渊小行星采集晶体C型蓝图 I
60373,基腹断岩小行星采集晶体B型蓝图 I
60374,基腹断岩小行星采集晶体C型蓝图 I
60514,统合部自由无人机分析信标蓝图
60767,猎獒级蓝图
60768,雷兽级蓝图
60769,翼灵级蓝图
61217,常见卫星矿石采集晶体B型蓝图 I
61218,常见卫星矿石采集晶体C型蓝图 I
61219,常见卫星矿石采集晶体B型蓝图 II
61220,常见卫星矿石采集晶体C型蓝图 II
61221,普通卫星矿石采集晶体B型蓝图 I
61222,普通卫星矿石采集晶体C型蓝图 I
61223,普通卫星矿石采集晶体B型蓝图 II
61224,普通卫星矿石采集晶体C型蓝图 II
61225,罕见卫星矿石采集晶体B型蓝图 I
61226,罕见卫星矿石采集晶体C型蓝图 I
61227,罕见卫星矿石采集晶体B型蓝图 II
61228,罕见卫星矿石采集晶体C型蓝图 II
61229,稀有卫星矿石采集晶体B型蓝图 I
61230,稀有卫星矿石采集晶体C型蓝图 I
61231,稀有卫星矿石采集晶体B型蓝图 II
61232,稀有卫星矿石采集晶体C型蓝图 II
61233,非凡卫星矿石采集晶体B型蓝图 I
61234,非凡卫星矿石采集晶体C型蓝图 I
61235,非凡卫星矿石采集晶体B型蓝图 II
61236,非凡卫星矿石采集晶体C型蓝图 II
62058,过期的奇异的跃迁矩阵纤维蓝图
62059,过期的神秘的跃迁矩阵纤维蓝图
62060,过期的玄妙的跃迁矩阵纤维蓝图
62061,过期的不稳定的跃迁矩阵纤维蓝图
62062,过期的有害的跃迁矩阵纤维蓝图
62063,过期的危险的跃迁矩阵纤维蓝图
62064,过期的险恶的跃迁矩阵纤维蓝图
62592,中型工业核心蓝图 I
62593,中型工业核心蓝图 II
62652,中型小行星矿石压缩装置蓝图 I
62669,大型小行星矿石压缩装置蓝图 I
62670,旗舰级小行星矿石压缩装置蓝图 I
62671,大型冰矿压缩装置蓝图 I
62672,旗舰级冰矿压缩装置蓝图 I
62673,中型气云压缩装置蓝图 I
62674,大型气云压缩装置蓝图 I
62675,旗舰级气云压缩装置蓝图 I
62676,大型基腹断岩压缩装置蓝图 I
62677,旗舰级基腹断岩压缩装置蓝图 I
62678,大型卫星矿石压缩装置蓝图 I
62679,旗舰级卫星矿石压缩装置蓝图 I
63164,工业舰跳跃通道发生器蓝图 I
63196,屹立防空弹药蓝图
64035,鹰鸮级蓝图
