attribute_id,attribute_name
2,isOnline
3,物品损坏
4,质量
6,启用耗电量
8,minRange
9,结构值
11,能量栅格输出
12,低能量槽
13,中能量槽
14,高能量槽
15,能量负荷
18,charge
19,powerToSpeed
20,最大速度加成
21,warpFactor
29,warpInhibitor
30,能量栅格占用
31,maxArmor
32,breakPoint
37,最大速度
38,容量
39,已维修损伤加成
47,slots
48,CPU输出
49,CPU载荷
50,CPU使用量
51,射击速度
52,damageResistance
54,最佳射程
55,电容回充时间
56,单次消耗量 
61,targetModule
63,accuracyBonus
64,伤害量调整
65,armorBonus
66,单次运转时间加成
67,电容加成
68,护盾加成
69,rateBonus
70,惯性调整
72,护盾值加成
73,作用时间/单次运转时间
75,hpToCapacity
76,锁定范围上限
77,开采量
79,scanSpeed
80,速度加成
81,hpFactor
82,structureBonus
83,结构值修复量
84,装甲值维修量
87,护盾传输范围
88,shieldDrainAmount
89,shieldDrainRange
90,能量转移量
91,传输范围
92,kineticDampeningFieldStrength
93,kineticDampeningFieldBonus
95,energyReflectionStrength
96,energyReflectionBonus
97,能量中和值
98,最大能量中和范围
99,效果范围
101,发射器安装数
102,炮台安装数
103,跃迁干扰距离
104,跃迁干扰状态
105,跃迁干扰强度
106,无人机挂舱安装座
107,explosionRange
108,detonationRange
109,结构动能伤害抗性
110,结构热能伤害抗性
111,结构爆炸伤害抗性
112,energyDamageAbsorptionFactor
113,结构电磁伤害抗性
114,电磁伤害
116,爆炸伤害
117,动能伤害
118,热能伤害
120,范围加成
121,能量输出加成
122,armorPiercingChance
123,shieldPiercingChance
124,mainColor
125,舰船扫描范围
126,货柜扫描范围
127,ammoLoaded
128,弹药尺寸
129,maxPassengers
130,热能伤害抗性加成
131,动能伤害抗性加成
132,爆炸伤害抗性加成
133,电磁伤害抗性加成
134,护盾回充速率加成
135,moduleSize
136,uniformity
137,配套使用（发射器类别）
138,电磁伤害加成
139,爆炸伤害加成
140,动能伤害加成
141,热能伤害加成
142,ECM脉冲半径
143,锁定范围
144,电容回充速度加成
145,能量输出加成
146,护盾值加成
147,电容容量加成
148,装甲值加成
149,货柜容量加成
150,结构值加成
151,惯性调整系数
152,乘客数上限加成
153,warpCapacitorNeed
154,作用范围
156,incapacitationRatio
157,orbitRange
158,失准范围
160,炮台跟踪速度
161,体积
162,radius
163,dummyDuration
164,魅力
165,智力
166,记忆
167,感知
168,毅力
169,惯性调整
170,customCharismaBonus
171,customWillpowerBonus
172,customPerceptionBonus
173,customMemoryBonus
174,customIntelligenceBonus
175,魅力调整
176,智力调整
177,记忆调整
178,感知调整
179,毅力调整
180,主属性
181,副属性
182,主技能需求
183,副技能需求
184,三级技能需求
185,attributePoints
186,warpCapacitorNeedMultiplier
187,repairCostMultiplier
188,Cargo Scan Resistance
189,targetFilterTypelistID
190,corporationMemberLimit
191,军团成员加成
192,目标锁定数上限加成
193,maxAttackTargets
194,jammingResistance
195,raceID
196,manufactureSlotLimit
197,测量扫描范围
202,CPU输出加成
203,miningDurationMultiplier
204,射击速度加成
205,accuracyMultiplier
207,开采量倍增系数
208,雷达感应强度
209,光雷达感应强度
210,磁力感应强度
211,引力感应强度
212,导弹伤害加成
213,导弹伤害加成
216,电容需求倍增系数
217,propulsionGraphicID
218,blueprintResearchTimeMultiplier
219,manufactureTimeMultiplier
220,blueprintResearchTimeMultiplierBonus
221,blueprintManufactureTimeMultiplier
222,blueprintManufactureTimeMultiplierBonus
223,charismaSkillTrainingTimeMultiplier
224,intelligenceSkillTrainingTimeMultiplier
225,memorySkillTrainingTimeMultiplier
226,perceptionSkillTrainingTimeMultiplier
227,willpowerSkillTrainingTimeMultiplier
228,charismaSkillTrainingTimeMultiplierBonus
229,intelligenceSkillTrainingTimeMultiplierBonus
230,memorySkillTrainingTimeMultiplierBonus
231,perceptionSkillTrainingTimeMultiplierBonus
232,willpowerSkillTrainingTimeMultiplierBonus
235,目标锁定数上限加成
236,maxAttackTargetsBonus
237,锁定范围加成
238,引力ECM干扰强度
239,光雷达ECM干扰强度
240,磁力ECM干扰强度
241,雷达ECM干扰强度
242,scanSpeedMultiplier
243,最大范围倍增系数
244,跟踪速度倍增系数
245,gfxTurretID
246,gfxBoosterID
247,entityAttackRange
248,entityLootValueMin
249,entityLootValueMax
250,entityLootCountMin
251,entityLootCountMax
252,安全等级击毁数量
253,entitySecurityStatusAggressionBonus
254,minLootCount
256,maxLootCount
257,entityFollowRange
258,minLootValue
259,maxLootValue
260,attackRange
261,killStatusModifier
262,attackStatusModifier
263,护盾容量
264,shieldCharge
265,装甲值
266,装甲损伤
267,装甲电磁伤害抗性
268,装甲爆炸伤害抗性
269,装甲动能伤害抗性
270,装甲热能伤害抗性
271,护盾电磁伤害抗性
272,护盾爆炸伤害抗性
273,护盾动能伤害抗性
274,护盾热能伤害抗性
275,训练时间倍增系数
276,技能点
277,requiredSkill1Level
278,requiredSkill2Level
279,requiredSkill3Level
280,等级
281,最长飞行时间
282,launcherCapacityMultiplier
283,无人机容量
284,excludeGangMembers
285,excludeCorporationMembers
286,excludeHostiles
287,kDmgBonus
288,shipCPUBonus
289,turretDamageBonus
290,skillTurretDmgBonus
291,CPU技能加成
292,伤害倍增系数加成
293,射击速度加成
294,最佳射程调整
295,abPowerBonus
296,acPowerBonus
297,afPowerBonus
298,atPowerBonus
299,cbTRangeBonus
300,ccTRangeBonus
301,cfTRangeBonus
302,ciTRangeBonus
303,aiPowerBonus
304,ctTRangeBonus
305,gbCpuBonus
306,最大速度调整系数
307,scannerDurationBonus
308,扫描速度加成
309,最大锁定范围加成
310,CPU需求加成
311,锁定上限加成
312,单次运转时间加成
313,能量输出加成
314,电容回充时间缩减
315,速度调整
316,corpMemberBonus
317,电容需求加成
318,速度加成
319,跃迁电容需求加成
320,powerUseBonus
321,射击猝发速率
322,猝发速率增变量
323,能量需求加成
324,barrageDmgMutator
325,barrageFalloffMutator
326,barrageDmgMultiplier
327,HP加成
328,barrageFalloff
329,舰队射击速度加成
330,增效剂时效
331,植入体槽位
332,burstDmg
333,burstDmgMutator
334,shipPowerBonus
335,装甲值加成
336,一致性加成
337,护盾容量加成
338,回充速率加成
349,失准范围加成
350,skillTrainingTimeBonus
351,最佳射程加成
352,maxActiveDrones
353,可控无人机数上限加成
354,maxDroneBonus
355,谈判技巧倍增系数
356,外交学加成
359,高级沟通技巧增变系数
360,关系加成
361,犯罪关系加成
362,社会学加成
363,艾玛科技
364,米玛塔尔科技
365,盖伦特科技 
366,加达里科技
367,生产时间百分比
368,精炼时间百分比
369,制造消耗倍增系数
370,amarrTechMutator
371,caldariTechMutator
372,gallenteTechMutator
373,productionTimeMutator
374,minmatarTechMutator
375,productionCostMutator
376,精炼时间倍增系数
377,refiningTimeMutator
378,精炼产量百分比
379,提炼产量增变系数
380,活跃工厂数上限
383,活跃工厂数上限
384,研究团队规模上限
385,生产时间研究速度
386,研究花费百分比
387,蓝图复制速度
388,护卫舰建造花费
389,巡洋舰建造花费
392,工业舰建造花费
393,战列舰建造花费
394,泰坦建造时间
395,空间站建造时间
396,维修消耗百分比
397,成就突破比例
398,矿物需求研究速度
399,原型几率
400,missileStandardVelocityPecent
401,cruiseMissileVelocityPercent
402,heavyMissileSpeedPercent
403,火箭伤害百分比
404,torpedoVelocityPercent
405,反弹道导弹速度百分比
406,missileFOFVelocityPercent
407,researchGangSizeBonus
408,battleshipConstructionTimeBonus
409,cruiserConstructionTimeBonus
410,frigateConstructionTimeBonus
411,industrialConstructionTimeBonus
412,connectionBonusMutator
413,犯罪关系增变量
414,外交学增变系数
415,fastTalkMutator
416,entityFlyRange
417,非同族军团成员上限
418,非同族军团成员加成
419,保留技能点数
420,trackingBonus
421,shieldRechargerateBonus
422,科技等级
423,entityDroneCount
424,CPU输出加成
425,cpuOutputBonus
426,无人机伤害百分比
427,heavyDroneDamageBonus
428,采矿无人机速度加成
429,miningDroneSpeedBonus
430,scoutDroneVelocityPercent
431,scoutDroneVelocityBonus
432,无人机速度加成
433,heavyMissileDamageBonus
434,开采量加成
435,最大活动指挥中继量
436,standingIncreasePercent
437,谈判技巧加成
438,社会学增变系数
439,targetingSpeedBonus
440,制造时间加成
441,射击速度加成
442,barterDiscount
443,交换奖品
444,违禁物侦获几率
445,smugglingChance
446,tradePremiumBonus
447,非法贩售几率加成
448,fencingChanceBonus
449,交易折扣加成
450,制造槽位加成
451,manufactureCostBonus
452,复制速度加成
453,蓝图制造时间加成
454,mutaton
455,能力学加成
456,entityEquipmentMin
457,entityEquipmentMax
458,无人机最大控制距离
459,无人机控制范围加成
460,特殊能力加成
461,specialAbilityBonus
462,shipBonusGF
463,shipBonusCF
464,shipBonusAF
465,entityEquipmentGroupMax
466,entityReactionFactor
467,活跃实验室数上限
468,矿物需求研究加成
469,entityBluePrintDropChance
470,lootRespawnTime
471,laboratorySlotsBonus
472,stationTypeID
473,prototypingBonus
474,inventionBonus
475,entityAttackDelayMin
476,entityAttackDelayMax
478,shipBonusAC
479,护盾回充时间
480,maxEffectiveRange
481,赏金
482,电容容量
484,shieldUniformity
485,shipBonus2AF
486,shipBonusGC
487,shipBonusCC
488,shipVelocityBonusMC
489,shipBonusMC
490,shipBonusMB
491,shipBonusCB
492,shipBonusAB
493,shipBonusMI
494,shipBonusAI
495,shipBonusCI
496,shipBonusGI
497,entityDefenderChance
499,droneCapacityBonus
500,shipBonusGB
501,shipBonus2CB
502,entityConvoyDroneMin
503,entityConvoyDroneMax
504,entityWarpScrambleChance
505,单次运转时间
506,射击速度
507,entityMissileTypeID
508,环绕速度
509,cargoScanFalloff
510,舰船扫描失准范围
511,shipScanResistance
512,modifyTargetSpeedChance
513,modifyTargetSpeedDuration
514,modifyTargetSpeedRange
515,modifyTargetSpeedCapacitorNeed
516,所需炮座类别
517,失准范围调整
518,shipBonusMB2
519,cloakingCapacitorNeedRatio
522,damageCloudChance
524,armorUniformity
525,structureUniformity
526,需要研究技能
527,所需制造技能
528,所需制造技能等级
529,所需研究技能等级
530,所需制造工具
531,所需研究工具
532,reqResearchComponent
534,制造者加成
535,修正类别
536,reqResearchComponetAmount
537,主要制造组件A
538,次级制造组件
542,entityStrength
543,damageCloudChanceReduction
544,cloudEffectDelay
545,cloudDuration
546,damageCloudType
547,导弹速度加成
548,护盾回充加成
549,能量加成
550,抗性加成
551,rocketVelocityPercent
552,信号半径
553,maxGangSizeBonus
554,信号半径修正值
555,cloakVelocityBonus
556,锚定耗时
557,飞行时间加成
558,explosionRangeBonus
559,Inertia
560,感应器复校时间
561,shipBonusGB2
562,entityFactionLoss
563,entitySecurityMaxGain
564,扫描分辨率
565,扫描分辨率加成
566,扫描分辨率加成
567,推力
568,eliteBonusInterceptor
569,eliteBonusCovertOps1
570,eliteBonusBombers
571,eliteBonusGunships
573,eliteBonusdestroyers
575,eliteBonusBattlecruiser
579,testForEggert
580,entityChaseMaxDelay
581,entityChaseMaxDelayChance
582,entityChaseMaxDuration
583,entityChaseMaxDurationChance
584,entityMaxWanderRange
585,shipBonusAB2
586,shipBonusGF2
587,shipBonusMF2
588,shipBonusCF2
589,isPlayerOwnable
590,gestaltBonus1
591,无人机速度加成
592,cloakCapacitorBonus
594,Die
595,capBoostMultipler
596,飞行时间加成
597,eliteBonusEscorts
598,shipBonusCB3
600,跃迁速度倍增系数
601,跃迁速度加成
602,配套使用（发射器类别）
603,配套使用（发射器类别）
604,配套使用（弹药类别）
605,配套使用（弹药类别）
606,配套使用（弹药类别）
608,炮塔能量需求
609,配套使用（弹药类别）
610,配套使用（弹药类别）
611,单次运转时间加成
612,护盾伤害基数
613,装甲伤害基数
614,货柜容量加成
616,护盾回充惩罚
619,隐形锁定延迟加成
620,信号分辨率
621,最佳距离内的跟踪速度
622,massLimit
623,cloakingSlotsLeftSuper
624,跃迁速度加成
625,bountyBonus
626,bountyMultiplier
627,bountySkillBonus
628,bountySkillMultiplyer
629,cargoGroup
630,entityArmorRepairDuration
631,entityArmorRepairAmount
632,interceptorGF
633,衍生等级
634,newAgility
635,turnAngle
636,entityShieldBoostDuration
637,entityShieldBoostAmount
638,entityArmorRepairDelayChance
639,entityShieldBoostDelayChance
640,entityGroupRespawnChance
643,待发状态启动时间
644,aimedLaunch
645,导弹速度加成
646,导弹飞行时间加成
647,missileEntityArmingTimeMultiplier
648,护盾调整加成
649,cloakingCpuNeedBonus
650,最大结构间距
651,效果范围
652,信号强度惩罚
653,爆炸速度
654,爆炸半径
655,aoeFalloff
656,shipBonusAC2
657,shipBonusCC2
658,shipBonusGC2
659,shipBonusMC2
660,impactDamage
661,maxDirectionalVelocity
662,minTargetVelDmgMultiplier
663,minMissileVelDmgMultiplier
664,maxMissileVelocity
665,entityChaseMaxDistance
666,受限船型
667,受限船型
668,受限船型
669,重启延迟
670,效果范围加成
672,环绕速度加成
673,eliteBonusGunship1
675,eliteBonusGunship2
676,解锚耗时
677,上线耗时
678,eliteBonusLogistics1
679,eliteBonusLogistics2
680,护盾半径
681,贮藏种类1
682,贮藏种类1
683,贮藏种类3
684,储藏容量1
685,储藏容量2
686,储藏容量3
687,运转消耗率
688,增强状态消耗率
689,packageGraphicID
690,packageRadius
691,targetSwitchDelay
692,eliteBonusHeavyGunship1
693,eliteBonusHeavyGunship2
694,增强模式类别
695,增强模式类别
696,增强模式类别
697,增强模式类别
698,增强模式类别
699,增强模式数量
700,增强模式数量
701,增强模式数量
703,增强模式数量
704,增强模式数量
705,上线模式
706,上线模式
707,上线模式
708,上线模式
709,采集类别
710,harvesterQuality
711,卫星锚定距离
712,弹药损耗
713,消耗类型
714,消耗量
715,最大操控范围
716,同时使用用户数上限
717,提炼产量系数
719,运转持续时间
720,精炼能力
721,refiningDelayMultiplier
722,母星控制塔周期
723,contrabandDetectionChance
724,contrabandDetectionResistance
725,contrabandScanChance
726,卫星开采量
727,destroyerROFpenality
728,controlTowerLaserDamageBonus
729,shipBonusMD1
732,shipBonusD1
733,shipBonusD2
734,shipBonusCD1
735,shipBonusCD2
738,shipBonusGD1
739,shipBonusGD2
740,shipBonusMD2
741,shipBonusBC1
742,shipBonusBC2
743,shipBonusCBC1
745,shipBonusCBC2
746,shipBonusGBC2
747,shipBonusGBC1
748,shipBonusMBC1
749,shipBonusMBC2
750,controlTowerLaserOptimalBonus
751,混合岗哨炮最佳射程加成
752,controlTowerProjectileOptimalBonus
753,controlTowerProjectileFallOffBonus
754,controlTowerProjectileROFBonus
755,controlTowerMissileROFBonus
756,controlTowerMoonHarvesterCPUBonus
757,controlTowerSiloCapacityBonus
758,shipBonusDF1
759,shipBonusDF2
760,激光岗哨炮激活范围加成
761,射弹岗哨炮激活范围加成
762,混合岗哨炮激活范围加成
763,maxGroupActive
764,目标干扰持续时间加成
765,scanRange
766,controlTowerHybridDamageBonus
767,跟踪速度加成
769,最佳射程加成
770,controlTowerEwTargetSwitchDelayBonus
771,ammoCapacity
772,entityFlyRangeFactor
773,shipBonusORE1
774,shipBonusORE2
775,miningCPUNeedBonus
776,导弹速度加成
777,导弹伤害加成
778,导弹爆炸延迟加成
779,entityFlyRangeMultiplier
780,循环时间加成
781,专精矿种
782,专精矿种产量调整
783,挥发度
784,挥发损耗
785,卸载电容消耗
786,晶体损耗 
787,扫描偏差下限
788,扫描偏差上限
789,专精晶体开采量
790,回收再生技能
791,分析探针
792,controlTowerMissileVelocityBonus
793,shipBonusRole7
794,probesInGroup
795,shipBonusABC1
796,质量增加值
797,锁定范围理论上限值
798,entityBracketColour
799,护符套件加成
800,违禁物侦测几率调整
801,deadspaceUnsafe
802,蝰蛇套件加成
803,阿斯克雷套件加成
804,eliteBonusInterceptor2
805,数量
806,维修加成
807,eliteBonusIndustrial1
808,eliteBonusIndustrial2
809,shipBonusAI2
811,shipBonusCI2
813,shipBonusGI2
814,shipBonusMI2
815,聚变强度
816,离子强度
817,磁脉冲强度
818,等离子强度
823,hitsMissilesOnly
828,电子战强度调整
829,propulsionSkillPropulsionStrengthBonus
830,bonusComplexAngel10
831,ewTargetJam
832,目标标记加成
833,指挥加成
834,wingCommandBonus
837,stealthBomberLauncherPower
838,水晶套件加成
839,eliteBonusCovertOps2
840,代理人ID
841,代理人通讯范围
842,反应种类 1
843,反应种类 2
844,代理人自动弹出范围
845,hiddenLauncherDamageBonus
846,扫描强度加成
847,爆炸速度加成
848,爆炸半径加成
849,canUseCargoInSpace
850,中队指挥加成
851,电容需求加成
852,siegeModeWarpStatus
853,advancedAgility
854,不允许援助
855,activationTargetLoss
857,aoeFalloffBonus
858,爆炸半径加成
859,爆炸速度加成
860,missileEntityAoeFalloffMultiplier
861,舰载跳跃引擎
862,usageWeighting
863,圣光套件加成
864,辟邪套件加成
865,planetAnchorDistance
866,跳跃引擎燃料需求
867,最大跳跃范围
868,跳跃引擎燃料消耗量
869,jumpDriveDuration
870,跳跃引擎范围加成
871,jumpDriveDurationBonus
872,disallowOffensiveModifiers
874,advancedCapitalAgility
884,思维网络加成
885,消耗量加成
886,freighterBonusA1
887,freighterBonusA2
888,freighterBonusC1
889,freighterBonusC2
890,freighterBonusG2
891,freighterBonusG1
892,freighterBonusM1
893,freighterBonusM2
894,速度提升加成
895,装甲维修加成
896,装甲维修周期加成
897,护盾回充持续时间加成
898,跳跃引擎电容需求
899,跳跃引擎电容需求加成
901,获取难度
902,获取成功率
903,spawnWithoutGuardsToo
904,warcruiserCPUBonus
905,tacklerBonus
906,disallowEarlyDeactivation
907,hasShipMaintenanceBay
908,舰船维护舱容量
909,maxShipGroupActiveID
910,活跃组数上限
911,hasFleetHangars
912,舰队机库容量
913,gallenteNavyBonus
915,caldariNavyBonus
917,amarrNavyBonus
919,republicFleetBonus
921,oreCompression
924,eliteBonusBarge1
925,eliteBonusBarge2
926,shipBonusORE3
927,CPU惩罚降低
928,entityTargetJam
929,ECM启动时间/运转周期
930,ECMEntityChance
931,energyNeutralizerEntityChance
932,entitySensorDampenDurationChance
933,npcTrackingDisruptorActivationChance
935,entityTargetPaintDurationChance
936,ECM最佳射程
937,entityCapacitorDrainMaxRange
938,entitySensorDampenMaxRange
940,entityTrackingDisruptMaxRange
941,entityTargetPaintMaxRange
942,中和持续时间
943,entitySensorDampenDuration
944,entityTrackingDisruptDuration
945,entityTargetPaintDuration
946,entityCapacitorDrainAmount
947,entitySensorDampenMultiplier
948,entityTrackingDisruptMultiplier
949,entityTargetPaintMultiplier
950,entitySensorDampenFallOff
951,entityTrackingDisruptFallOff
952,entityCapacitorFallOff
953,ECM失准范围
954,entityTargetPaintFallOff
955,isCaldariNavy
956,damageModifierMultiplierBonus
957,cNavyModOncNavyShip
958,抗性加成
959,entityShieldBoostLargeDelayChance
960,caldariNavyBonusMultiplier2
961,caldarNavyBonus2
962,eliteBonusReconShip1
963,eliteBonusReconShip2
964,passiveEmDamageResonanceMultiplier
965,passiveThermalDamageResonanceMultiplier
966,passiveKineticDamageResonanceMultiplier
967,passiveExplosiveDamageResonanceMultiplier
968,hasStasisWeb
969,activeEmDamageResonance
970,activeThermalDamageResonance
971,activeKineticDamageResonance
972,activeExplosiveDamageResonance
973,信号半径加成
974,结构电磁伤害抗性
975,结构爆炸伤害抗性
976,结构动能伤害抗性
977,结构热能伤害抗性
978,maxGroupOnline
979,远距克隆体数上限
980,hasCloneJumpSlots
981,allowsCloneJumpsWhenActive
982,canReceiveCloneJumps
983,信号半径修正值
984,电磁伤害抗性加成
985,爆炸伤害抗性加成
986,动能伤害抗性加成
987,热能伤害抗性加成
988,hardeningbonus2
989,volumePostPercent
990,activeEmResistanceBonus
991,activeExplosiveResistanceBonus
992,activeThermicResistanceBonus
993,activeKineticResistanceBonus
994,被动电磁伤害抗性加成
995,被动爆炸伤害抗性加成
996,被动动能伤害抗性加成
997,被动热能伤害抗性加成
998,isRAMcompatible
999,eliteBonusCommandShips2
1000,eliteBonusCommandShips1
1001,jumpPortalConsumptionMassFactor
1002,jumpPortalDuration
1003,eliteBonusCommandShip1DONOTUSE
1004,eliteBonusCommandShip2DONOTUSE
1005,跳跃通道激活消耗
1006,entityShieldBoostDelayChanceSmall
1007,entityShieldBoostDelayChanceMedium
1008,entityShieldBoostDelayChanceLarge
1009,entityArmorRepairDelayChanceSmall
1010,entityArmorRepairDelayChanceMedium
1011,entityArmorRepairDelayChanceLarge
1012,eliteBonusInterdictors1
1013,eliteBonusInterdictors2
1014,无法自动重复 
1015,entityShieldBoostDelayChanceSmallMultiplier
1016,entityShieldBoostDelayChanceMediumMultiplier
1017,entityShieldBoostDelayChanceLargeMultiplier
1018,entityArmorRepairDelayChanceSmallMultiplier
1019,entityArmorRepairDelayChanceMediumMultiplier
1020,entityArmorRepairDelayChanceLargeMultiplier
1021,warpAccuracyMaxRange
1022,warpAccuracyFactor
1023,warpAccuracyFactorMultiplier
1024,warpAccuracyMaxRangeMultiplier
1025,warpAccuracyFactorPercentage
1026,warpAccuracyMaxRangePercentage
1027,引力强度
1028,光雷达强度
1029,磁力强度
1030,雷达强度
1031,控制塔尺寸
1032,仅限于安全等级不超过
1033,anchoringRequiresSovereignty
1034,隐身再入延迟
1035,covertOpsStealthBomberTargettingDelay
1045,最大牵引速度
1047,canNotBeTrainedOnTrial
1048,disallowOffensiveModifierBonus
1073,远距克隆数量上限
1074,帝国区禁用
1075,missileNeverDoesDamage
1076,速度调整
1077,无人机装备
1079,电容量调整
1080,cpuPenaltySuperWeapon
1081,cpuBonusSuperWeapon
1082,CPU惩罚
1083,装甲值加成
1084,速度调整
1085,hasFuelCargo
1086,燃料舱容量
1087,增效剂槽位
1088,expiryTime
1089,副作用几率
1090,boosterEffectChance2
1091,boosterEffectChance3
1092,boosterEffectChance4
1093,boosterEffectChance5
1094,电容容量加成
1095,护盾回充加成
1096,护盾容量加成
1097,爆炸速度
1098,最佳射程加成
1099,副作用惩罚
1100,boosterAttribute2
1101,boosterAttribute3
1102,boosterAttribute4
1103,boosterAttribute5
1104,最大速度加成
1105,装甲值惩罚
1106,导弹最大速度加成
1107,已维修装甲量加成
1108,失准范围加成
1109,跟踪速度加成
1110,爆炸半径加成
1111,最佳射程加成
1112,inventionPropabilityMultiplier
1113,inventionMEModifier
1114,inventionTEModifier
1115,decryptorID
1116,scanProbeStrength
1117,scanStrengthSignatures
1118,scanStrengthDronesProbes
1119,scanStrengthScrap
1120,scanStrengthShips
1121,scanStrengthStructures
1122,maxScanGroups
1123,scanDuration
1124,inventionMaxRunModifier
1125,副作用发生机率加成
1126,副作用调整
1127,interfaceID
1128,datacore1ID
1129,datacore2ID
1130,ECM强度加成
1131,质量调整
1132,校准值
1133,entityMaxVelocitySignatureRadiusMultiplier
1134,maxTargetRangeMultiplierSet
1135,scanResolutionMultiplierSet
1136,scanAllStrength
1137,改装件安装座
1138,缺陷
1139,改装件缺陷减少值
1141,装甲值惩罚
1142,装甲维修量惩罚
1143,护盾容量惩罚
1144,炮塔最佳射程惩罚
1145,炮塔跟踪速度惩罚
1146,炮塔失准范围惩罚
1147,爆炸速度惩罚
1148,导弹速度惩罚
1149,导弹爆炸半径惩罚
1150,电容容量惩罚
1151,速度惩罚
1152,upgradeLoad
1153,校准值消耗
1154,改装件槽位
1155,研究点数消耗
1156,扫描偏差上限调整
1157,commandBonus2
1158,无法锁定
1159,装甲值加成
1160,获取成功率调整
1161,scanFrequencyResult
1162,explosionDelayWreck
1163,canCloak
1164,加力燃烧器和微型跃迁推进器最大速度加成
1165,锚定离母星护盾最短距离
1167,玩家可控
1168,isIncapacitated
1169,通用感应器强度
1170,装甲维修量
1171,护盾修复量
1172,structureArmorBoostValue
1173,structureShieldBoostValue
1174,posStructureControlAmount
1175,heatHi
1176,heatMed
1177,heatLow
1178,heatCapacityHi
1179,heatDissipationRateHi
1180,heatAbsorbtionRateModifier
1181,超载持续时间调整
1182,heatAbsorbtionRateHi
1183,heatAbsorbtionRateMed
1184,heatAbsorbtionRateLow
1185,所需主权等级
1190,电子战设备电容需求加成
1191,可控无人机数上限调整系数
1192,会战型紧急修复增强设备CPU需求加成
1193,脉冲波投射器运转周期加成
1194,投射型ECM装备CPU需求加成
1195,每星系锚定数上限
1196,heatDissipationRateMed
1198,heatDissipationRateLow
1199,heatCapacityMed
1200,heatCapacityLow
1205,超载射击速度加成
1206,超载持续时间加成
1207,isGlobal
1208,超载增强器加成
1209,炸弹投放CPU加成
1210,超载伤害加成
1211,超载损耗
1212,所需热力学等级
1213,超载伤害惩罚
1214,最大控制距离
1216,护盾转移装备CPU需求加成
1218,能量转移阵列能量需求
1219,无人机装甲伤害加成
1220,无人机护盾传输量加成
1221,跳跃延迟时间
1222,超载最佳射程加成
1223,超载速度加成
1224,heatGenerationMultiplier
1225,超载ECM加成
1226,超载ECCM加成
1227,信号半径加成修正
1228,信号半径倍增系数
1229,超载伤害量调整
1230,超载维修加成
1231,超载护盾回充加成
1233,锶储藏库
1234,surveyScannerRangeBonus
1235,cargoScannerRangeBonus
1236,commandBonusEffective
1237,commandBonusAdd
1238,commandBonusEffectiveAdd
1239,shipBonusORECapital1
1240,shipBonusORECapital2
1243,shipBonusORECapital3
1244,shipBonusORECapital4
1245,跃迁中无法激活
1246,eliteBonusHeavyInterdictors1
1247,eliteBonusHeavyInterdictors2
1249,eliteBonusElectronicAttackShip1
1250,eliteBonusElectronicAttackShip2
1251,securityClearance
1252,使用隐秘诱导力场科技
1253,jumpHarmonics
1254,不能使用星门
1255,无人机伤害加成
1256,droneHPBonus
1257,eliteBonusBlackOps1
1258,eliteBonusBlackOps2
1259,热量发散
1261,heatAttenuationMed
1262,heatAttenuationLow
1263,towerHPOnlineMutator
1264,brokenRepairCostMultiplier
1265,eliteBonusViolators1
1266,eliteBonusViolators2
1267,moduleRepairRate
1268,eliteBonusViolatorsRole1
1269,eliteBonusViolatorsRole2
1270,加力燃烧器和微型跃迁推进器推力加成
1271,无人机带宽
1272,带宽需求
1273,droneBandwidthLoad
1274,协助采矿加成
1275,droneIsAgressive
1276,nonBrokenModuleRepairCostMultiplier
1277,shipBrokenModuleRepairCostMultiplier
1278,droneIsChaotic
1279,eliteBonusViolatorsRole3
1280,eliteBonusInterceptorRole
1281,舰船跃迁速度
1282,游牧者套件加成
1283,fightersAttackAndFollow
1284,美德套件加成
1285,四级技能需求
1286,所需技能等级
1287,requiredSkill5Level
1288,requiredSkill6Level
1289,五级技能需求
1290,六级技能需求
1291,强势套件加成
1292,采集套件加成
1293,百夫长套件加成
1294,纳米体修复粘合剂消耗加成
1295,装备维修速率加成
1296,消耗量加成
1297,droneFocusFire
1298,可装配至
1299,可装配至
1300,可装配至
1301,可装配至
1302,可装配至
1303,可装配至
1304,可装配至
1305,可装配至
1306,最大范围倍增系数加成
1307,跟踪速度倍增系数加成
1308,最大锁定范围加成
1309,扫描分辨率加成
1310,commandBonusHidden
1311,eliteBonusJumpFreighter1
1312,eliteBonusJumpFreighter2
1313,最大锁定范围加成修正
1314,扫描分辨率加成修正
1315,最佳射程加成修正
1316,跟踪速度加成修正
1317,maxRangeHidden
1318,warpScrambleStrengthHidden
1319,capacitorNeedHidden
1320,ECM指挥加成
1321,远距感应抑阻指挥加成
1322,索敌扰断指挥加成
1323,目标标记指挥加成
1324,质量减少量修正
1325,加力燃烧器和微型跃迁推进器推力加成修正
1326,加力燃烧器和微型跃迁推进器最大速度加成修正
1327,跃迁扰频器范围加成
1328,droneBandwidthMultiplier
1329,无人机带宽加成
1330,isHacking
1331,isArcheology
1332,失准范围加成修正
1333,maxVelocityLimited
1334,最大速度限制
1335,defenderRaceID
1336,未使用克隆舱
1337,captureProximityRange
1339,factionDefenderID
1340,factionOffenderID
1341,factionID
1349,activationBlocked
1350,activationBlockedStrenght
1351,允许物品类型
1352,允许物品组
1353,aoeDamageReductionFactor
1354,aoeDamageReductionSensitivity
1355,牵引光束范围加成
1356,shipBonusICS1
1357,roleBonusTractorBeamVelocity
1358,shipBonusICS2
1359,roleBonusSurveyScannerRange
1360,shipBonusHPExtender1
1361,eliteIndustrialCovertCloakBonus
1366,subSystemSlot
1367,子系统槽位
1368,炮塔安装数调整
1369,发射器安装数调整
1370,扫描范围基数
1371,扫描强度基数
1372,最大偏离基数
1373,扫描范围增加比例
1374,高槽数调整
1375,中槽数调整
1376,低槽数调整
1377,CPU输出
1378,能量栅格输出量
1379,最大速度
1380,受限于船型
1381,wormholeTargetSystemClass
1382,wormholeMaxStableTime
1383,wormholeMaxStableMass
1384,wormholeMassRegeneration
1385,wormholeMaxJumpMass
1386,wormholeTargetRegion1
1387,wormholeTargetRegion2
1388,wormholeTargetRegion3
1389,wormholeTargetRegion4
1390,wormholeTargetRegion5
1391,wormholeTargetRegion6
1392,wormholeTargetRegion7
1393,wormholeTargetRegion8
1394,wormholeTargetRegion9
1395,wormholeTargetConstellation1
1396,wormholeTargetConstellation2
1397,wormholeTargetConstellation3
1398,wormholeTargetConstellation4
1399,wormholeTargetConstellation5
1400,wormholeTargetConstellation6
1401,wormholeTargetConstellation7
1402,wormholeTargetConstellation8
1403,wormholeTargetConstellation9
1404,wormholeTargetSystem1
1405,wormholeTargetSystem2
1406,wormholeTargetSystem3
1407,wormholeTargetSystem4
1408,wormholeTargetSystem5
1409,wormholeTargetSystem6
1410,wormholeTargetSystem7
1411,wormholeTargetSystem8
1412,wormholeTargetSystem9
1413,probeCanScanShips
1414,AI_ShouldUseEvasiveManeuver
1416,AI_TargetSwitchTimer
1417,color
1418,装甲电磁伤害抗性
1419,装甲热能伤害抗性
1420,装甲动能伤害抗性
1421,装甲爆炸伤害抗性
1422,护盾爆炸伤害抗性
1423,护盾电磁伤害抗性
1424,护盾动能伤害抗性
1425,护盾热能伤害抗性
1426,结构电磁伤害抗性
1427,结构爆炸伤害抗性
1428,结构动能伤害抗性
1429,结构热能伤害抗性
1430,lightColor
1431,subsystemBonusAmarrCore
1432,subsystemBonusAmarrElectronic
1433,subsystemBonusAmarrDefensive
1434,subsystemBonusAmarrOffensive
1435,subsystemBonusAmarrPropulsion
1436,subsystemBonusGallenteCore
1437,subsystemBonusGallenteElectronic
1438,subsystemBonusGallenteDefensive
1439,subsystemBonusGallenteOffensive
1440,subsystemBonusGallentePropulsion
1441,subsystemBonusCaldariCore
1442,subsystemBonusCaldariElectronic
1443,subsystemBonusCaldariDefensive
1444,subsystemBonusCaldariOffensive
1445,subsystemBonusCaldariPropulsion
1446,subsystemBonusMinmatarCore
1447,subsystemBonusMinmatarElectronic
1448,subsystemBonusMinmatarDefensive
1449,subsystemBonusMinmatarOffensive
1450,subsystemBonusMinmatarPropulsion
1451,npcAssistancePriority
1453,npcRemoteArmorRepairChance
1454,npcRemoteArmorRepairDuration
1455,npcRemoteArmorRepairAmount
1456,npcRemoteArmorRepairThreshold
1457,wormholeTargetDistribution
1458,npcRemoteShieldBoostDuration
1459,npcRemoteShieldBoostChance
1460,npcRemoteShieldBoostAmount
1462,npcRemoteShieldBoostThreshold
1464,npcAssistanceRange
1465,装甲电磁抗性加成
1466,装甲动能抗性加成
1467,装甲热能抗性加成
1468,装甲爆炸抗性加成
1469,导弹速度倍增系数
1470,最大速率倍增系数
1471,质量倍增系数
1472,控制距离倍增系数
1473,引力强度倍增系数
1474,光雷达强度倍增系数
1475,磁力强度倍增系数
1476,雷达强度倍增系数
1477,目标标记装置倍增系数
1478,弱化范围缩减系数
1479,扫描分辨率衰减系数
1480,跟踪惩罚倍增系数
1481,最佳射距惩罚倍增系数
1482,伤害倍增系数增量
1483,爆炸速度倍增系数
1484,无人机速率倍增系数
1485,超载伤害倍增系数
1486,超载加成倍增系数
1487,立体炸弹范围倍增系数
1488,立体炸弹伤害倍增系数
1489,护盾电磁抗性
1490,护盾爆炸抗性
1491,护盾动能抗性
1492,护盾热能抗性
1493,小型武器伤害倍增系数
1494,中型武器伤害倍增系数
1495,修复量倍增系数
1496,护盾维修倍增系数
1497,护盾传输量倍增系数
1498,远距维修量倍增系数
1499,电容量倍增系数
1500,电容回充倍增系数
1501,npcRemoteArmorRepairMaxTargets
1502,npcRemoteShieldBoostMaxTargets
1503,shipBonusStrategicCruiserAmarr1
1504,shipBonusStrategicCruiserCaldari1
1505,shipBonusStrategicCruiserGallente1
1506,shipBonusStrategicCruiserMinmatar1
1507,subsystemBonusAmarrDefensive2
1508,subsystemBonusAmarrElectronic2
1509,subsystemBonusAmarrCore2
1510,subsystemBonusCaldariOffensive2
1511,subsystemBonusAmarrOffensive2
1512,subsystemBonusAmarrPropulsion2
1513,subsystemBonusCaldariPropulsion2
1514,subsystemBonusCaldariElectronic2
1515,subsystemBonusCaldariCore2
1516,subsystemBonusCaldariDefensive2
1517,subsystemBonusGallenteDefensive2
1518,subsystemBonusGallenteElectronic2
1519,subsystemBonusGallenteCore2
1520,subsystemBonusGallentePropulsion2
1521,subsystemBonusGallenteOffensive2
1522,subsystemBonusMinmatarOffensive2
1523,subsystemBonusMinmatarPropulsion2
1524,subsystemBonusMinmatarElectronic2
1525,subsystemBonusMinmatarCore2
1526,subsystemBonusMinmatarDefensive2
1527,armorMaxDamageResonance
1528,shieldMaxDamageResonance
1529,hullMaxDamageResonance
1530,hullMaxDamageResonanceOld
1531,subsystemBonusAmarrOffensive3
1532,subsystemBonusGallenteOffensive3
1533,subsystemBonusCaldariOffensive3
1534,subsystemBonusMinmatarOffensive3
1535,shipBonusCC3
1536,ECM范围加成
1537,eliteBonusReconShip3
1538,warpBubbleImmune
1539,warpBubbleImmuneModifier
1540,stealthBomberLauncherPower2
1541,jumpHarmonicsModifier
1544,该武器组所允许的最大装备数量
1547,改装件尺寸
1549,燃料舱容量
1550,implantSetImperialNavy
1551,游戏时间增加天数
1552,implantSetCaldariNavy
1553,implantSetFederationNavy
1554,implantSetRepublicFleet
1555,fwLpKill
1556,矿石舱容量
1557,气舱容量
1558,矿物舱容量
1559,打捞舱容量
1560,舰船舱容量
1561,小型舰船舱容量
1562,中型舰船舱容量
1563,大型舰船舱容量
1564,工业舰舱容量
1565,雷达强度加成
1566,光雷达强度加成
1567,引力计强度加成
1568,磁力计强度加成
1569,implantSetLGImperialNavy
1570,implantSetLGFederationNavy
1571,implantSetLGCaldariNavy
1572,implantSetLGRepublicFleet
1573,弹药舱容量
1574,特殊能力加成
1575,特殊能力加成
1576,特殊能力加成
1577,特殊能力加成
1578,eliteBonusCovertOps3
1579,effectDeactivationDelay
1580,防御堡垒上限
1581,eliteBonusAssaultShips1
1582,specialTutorialLootRespawnTime
1583,发展指数等级需求（军事）
1584,发展指数等级需求（工业）
1585,发展指数需求（经济）
1586,发展指数需求（研发）
1590,anchorDistanceMin
1591,anchorDistanceMax
1595,需要基础设施升级件
1597,升级安装最短主权期限制
1598,sovUpgradeBlockingUpgradeID
1599,先决升级安装
1600,星系哨站升级等级需求
1601,上线需要基础设施升级支持
1603,每日维护费用
1606,distributionID_blood
1607,distributionID_angel
1608,distributionID_guristas
1609,distributionID_serpentis
1610,distributionID_drones
1611,distributionID_sanshas
1612,reinforcementDuration
1613,reinforcementVariance
1614,distributionID_mordus
1615,发展指数需求（战略）
1616,distributionID
1619,无人机停滞缠绕光束加成
1623,shipBonus3AF
1624,shipBonus3CF
1625,shipBonus3GF
1626,shipBonus3MF
1631,运能
1632,行星类型限制
1633,能量载荷（每千米）
1634,CPU使用量（每千米）
1635,CPU载荷等级调节因子
1636,能量载荷等级调节因子
1638,进口税
1639,出口税
1640,importTaxMultiplier
1641,exportTaxMultiplier
1642,采集量
1643,运转周期
1644,extractorDepletionRange
1645,extractorDepletionRate
1646,指挥中心储备能力
1647,最大飞行员年龄
1648,AI_ShouldUseTargetSwitching
1649,AI_ShouldUseSecondaryTarget
1650,AI_ShouldUseSignatureRadius
1651,AI_ChanceToNotTargetSwitch
1652,AI_ShouldUseEffectMultiplier
1653,行星资源物品储备能力
1654,不受超级武器伤害
1655,首选信号半径
1656,无人机抗性调节值
1657,抗性调节值
1658,NPC远程ECM持续时间
1659,NPC远程ECM最短持续时间
1660,NPC远程ECM持续时间比例因数
1661,NPC远程ECM基础持续时间
1662,NPC远程ECM额外玩家比例
1663,NPC远程ECM应有玩家数
1664,NPC远程ECM机率
1669,shipBonusOreIndustrial1
1670,shipBonusOreIndustrial2
1671,NPC群体护盾抗性加成
1672,NPC群体护盾抗性持续时间
1673,NPC群体护盾防御机率
1674,entityGroupSpeedBonus
1675,NPC群体推进干扰加成
1676,NPC群体装甲抗性加成
1677,entityGroupSpeedDuration
1678,entityGroupSpeedActivationChance
1679,entityGroupPropJamDuration
1680,entityGroupPropJamActivationChance
1681,entityGroupArmorResistanceDuration
1682,entityGroupArmorResistanceActivationChance
1683,老化因子
1684,最大体积
1685,ecuOverlapFactor
1686,星系影响伤害减少
1687,ecuNoiseFactor
1688,shipBonusRole8
1689,ecuAreaOfInfluence
1690,采集点CPU
1691,采集点能量
1692,metaGroupID
1695,distributionIDAngel01
1696,distributionIDAngel02
1697,distributionIDAngel03
1698,distributionIDAngel04
1699,distributionIDAngel05
1700,distributionIDAngel06
1701,distributionIDAngel07
1702,distributionIDAngel08
1703,distributionIDAngel09
1704,distributionIDAngel10
1705,distributionIDBlood01
1706,distributionIDBlood02
1707,distributionIDBlood03
1708,distributionIDBlood04
1709,distributionIDBlood05
1710,distributionIDBlood06
1711,distributionIDBlood07
1712,distributionIDBlood08
1713,distributionIDBlood09
1714,distributionIDBlood10
1715,distributionIDGurista01
1716,distributionIDGurista02
1717,distributionIDGurista03
1718,distributionIDGurista04
1719,distributionIDGurista05
1720,distributionIDGurista06
1721,distributionIDGurista07
1722,distributionIDGurista08
1723,distributionIDGurista09
1724,distributionIDGurista10
1725,distributionIDRogueDrone01
1726,distributionIDRogueDrone02
1727,distributionIDRogueDrone03
1728,distributionIDRogueDrone04
1729,distributionIDRogueDrone05
1730,distributionIDRogueDrone06
1731,distributionIDRogueDrone07
1732,distributionIDRogueDrone08
1733,distributionIDRogueDrone09
1734,distributionIDRogueDrone10
1735,distributionIDSansha01
1736,distributionIDSansha02
1737,distributionIDSansha03
1738,distributionIDSansha04
1739,distributionIDSansha05
1740,distributionIDSansha06
1741,distributionIDSansha07
1742,distributionIDSansha08
1743,distributionIDSansha09
1744,distributionIDSansha10
1745,distributionIDSerpentis01
1746,distributionIDSerpentis02
1747,distributionIDSerpentis03
1748,distributionIDSerpentis04
1749,distributionIDSerpentis05
1750,distributionIDSerpentis06
1751,distributionIDSerpentis07
1752,distributionIDSerpentis08
1753,distributionIDSerpentis09
1754,distributionIDSerpentis10
1755,distributionID01
1756,distributionID02
1757,distributionID03
1758,distributionID04
1759,distributionID05
1760,distributionID06
1761,distributionID07
1762,distributionID08
1763,distributionID09
1764,distributionID10
1766,entityOverviewShipGroupId
1768,typeColorScheme
1770,特殊材料仓容量
1771,constructionType
1772,获取成功率
1773,性别
1775,消耗量加成
1778,制造花费加成
1780,npcCustomsOfficeTaxRate
1781,defaultCustomsOfficeTaxRate
1782,允许的无人机组别
1783,允许的无人机组别
1785,旗舰级舰船
1786,bcLargeTurretPower
1787,bcLargeTurretCPU
1788,bcLargeTurretCap
1790,bcSiegeMissileCPU
1791,bcSiegeMissilePower
1792,shipBonusBC3
1793,shipBonusBC4
1794,效果加成
1795,重新装填时间
1797,不要求服饰类别
1798,不允许针对免疫电子战的目标
1799,格鲁汀套装加成
1803,MWD sig penalty and cap need bonus
1804,酷菲货舱容量
1806,需要主权
1808,nosReflector
1809,neutReflector
1811,电容攻击反射几率
1812,伤害减免阀值
1813,炮台伤害调整范围
1814,nosReflectAmount
1815,neutReflectAmount
1816,中和器反射量
1817,掠能器反射量
1818,aurumConversionRate
1820,baseDefenderAllyCost
1821,每等级盟军费用乘数百分比
1822,rookieSETCapBonus
1823,rookieSETDamageBonus
1824,rookieWeaponDisruptionBonus
1825,rookieArmorResistanceBonus
1826,rookieSHTOptimalBonus
1827,rookieMissileKinDamageBonus
1828,rookieECMStrengthBonus
1829,rookieShieldResistBonus
1830,rookieSHTDamageBonus
1831,rookieDroneBonus
1832,rookieDampStrengthBonus
1833,rookieArmorRepBonus
1834,rookieTargetPainterStrengthBonus
1835,rookieShipVelocityBonus
1836,rookieSPTDamageBonus
1837,rookieShieldBoostBonus
1838,miniProfessionRangeBonus
1839,伤害延迟
1840,energyTransferAmountBonus
1842,miningFrigatesBonusOreMiningYield
1843,shipBonusOREfrig2
1844,轨道轰炸准确性
1845,轨道轰炸伤害
1846,cargoGroup2
1847,902
1848,902
1849,resistanceShiftAmount
1851,感应强度加成
1852,可以被投弃
1854,稳定关闭
1855,忽略这个规格以下的无人机
1856,质量惩罚降低
1857,rookieSETTracking
1858,rookieSETOptimal
1859,rookieNosDrain
1860,rookieNeutDrain
1861,rookieWebAmount
1862,rookieLightMissileVelocity
1863,rookieRocketVelocity
1864,rookieDroneMWDspeed
1865,rookieSHTTracking
1866,rookieSHTFalloff
1867,rookieSPTTracking
1868,rookieSPTFalloff
1869,rookieSPTOptimal
1870,covertCloakCPUAdd
1871,covertCloakCPUPenalty
1872,可装配至
1879,可装配至
1880,可装配至
1881,可装配至
1882,warfareLinkCPUAdd
1883,warfareLinkCPUPenalty
1886,增强模式时修复量增量倍数
1887,shipBonusAD1
1888,shipBonusAD2
1889,shipBonusABC2
1890,无法摧毁
1891,allowedInCapIndustrialMaintenanceBay
1892,entityArmorRepairAmountPerSecond
1893,entityShieldBoostAmountPerSecond
1894,entityCapacitorLevel
1895,entityCapacitorLevelModifierSmall
1896,entityCapacitorLevelModifierMedium
1897,entityCapacitorLevelModifierLarge
1904,手续费
1905,扫描偏差上限调整
1906,单次运转时间加成
1907,扫描强度加成
1908,虫洞信号强度
1909,病毒同步率
1910,病毒强度
1911,病毒功能元槽位
1912,spewContainerCount
1913,defaultJunkLootTypeID
1914,spewVelocity
1915,病毒同步率加成
1916,跟随远距克隆
1917,spewContainerLifeExtension
1918,分析仪病毒强度加成
1919,tierDifficulty
1920,力场中无法激活
1921,远距克隆间歇期
1922,作战网络强度加成
1923,重新激活加成
1924,eliteBonusCommandShips3
1925,帝国税率系数
1926,piTaxReduction
1927,hackable
1928,原材料虹吸量
1929,加工材料虹吸量
1930,虹吸摧毁量
1932,统御套装加成
1933,聚合物材料虹吸量
1934,deactivateIfOffensive
1935,过载效果加成
1936,过载效果加成
1937,过载效果加成
1938,开采量加成
1939,矿石提炼效率加成
1940,compressionTypeID
1941,compressionQuantityNeeded
1942,eliteBonusExpedition1
1943,eliteBonusExpedition2
1944,可装配至
1945,nosOverride
1946,仅限于安全等级不低于
1949,过载损伤降低
1950,跃迁速度提高
1951,industryStructureCostBonusSet
1952,建造成本系数
1954,industryJobCostMultiplier
1955,industryBlueprintRank
1956,不要求服饰类别
1957,需要其他服饰类别
1958,dscanImmune
1959,发明/逆向工程速度
1961,工业项目长度加成
1966,能量战系数
1967,爆炸半径系数
1968,目标标记装置效果系数
1969,停滞缠绕光束强度系数
1970,禁止进入高安全星系
1971,跳跃疲劳系数
1972,jumpThroughFatigueMultiplier
1973,星门扰频状态
1974,星门扰频强度
1975,published
1978,全体抗性减效
1979,resistanceKillerHull
1980,小行星半径系数
1981,小行星单位半径
1982,制造时间加成
1983,freighterBonusO1
1984,freighterBonusO2
1985,模式切换冷却时间
1986,shipBonusTacticalDestroyerAmarr1
1987,shipBonusTacticalDestroyerAmarr2
1988,shipBonusTacticalDestroyerAmarr3
1989,roleBonusT3ProbeCPU
1990,modeMaxRangePostDiv
1991,modeMaxTargetRangePostDiv
1992,modeRadarStrengthPostDiv
1993,modeScanResPostDiv
1994,modeLadarStrengthPostDiv
1995,modeGravimetricStrengthPostDiv
1996,modeMagnetometricStrengthPostDiv
1997,modeEmResistancePostDiv
1998,modeExplosiveResistancePostDiv
1999,modeThermicResistancePostDiv
2000,modeKineticResistancePostDiv
2001,modeSignatureRadiusPostDiv
2002,modeAgilityPostDiv
2003,modeVelocityPostDiv
2004,shipBonusTacticalDestroyerMinmatar1
2005,shipBonusTacticalDestroyerMinmatar2
2006,shipBonusTacticalDestroyerMinmatar3
2007,modeMWDSigPenaltyPostDiv
2008,modeTrackingPostDiv
2009,entitySuperWeaponDuration
2010,entitySuperWeaponEmDamage
2011,entitySuperWeaponKineticDamage
2012,entitySuperWeaponThermalDamage
2013,entitySuperWeaponExplosiveDamage
2014,shipBonusGC3
2015,shipBonusTacticalDestroyerCaldari1
2016,shipBonusTacticalDestroyerCaldari2
2017,shipBonusTacticalDestroyerCaldari3
2018,2015
2019,allowRefills
2020,shipBonusAT
2021,entosisDurationMultiplier
2023,爆炸半径加成修正
2024,爆炸速度加成修正
2025,导弹速度加成修正
2026,飞行时间加成修正
2027,shipBonusTacticalDestroyerGallente1
2028,shipBonusTacticalDestroyerGallente2
2029,shipBonusTacticalDestroyerGallente3
2030,modeArmorRepDurationPostDiv
2031,modeMWDVelocityPostDiv
2032,modeMWDCapPostDiv
2033,speedLimit
2034,护盾伤害上限（每秒）
2035,装甲伤害上限（每秒）
2036,结构伤害上限（每秒）
2037,护盾恢复上限（每秒）
2038,装甲维修上限（每秒）
2039,结构维修上限（每秒）
2041,entosisCPUAdd
2042,entosisCPUPenalty
2043,roleBonusCBC
2044,效果失准范围
2045,电容战抗性
2046,entitySuperWeaponMaxRange
2047,entitySuperWeaponFallOff
2048,entitySuperWeaponTrackingSpeed
2049,entitySuperWeaponOptimalSignatureRadius
2055,铁骑舰载机挂舱容量
2056,服务槽位
2058,clothingAlsoCoversCategory2
2059,eliteBonusCommandDestroyer1
2060,eliteBonusCommandDestroyer2
2061,eliteBonusCommandDestroyer3
2063,不要求服饰类别
2064,roleBonusCD
2065,可装配至
2066,跳跃距离
2067,范围效果半径
2069,eliteBonusElectronicAttackShip3
2070,shipBonusAC3
2071,bumpingStrength
2072,引力强度加成调整系数
2073,光雷达强度加成调整系数
2074,磁力强度加成调整系数
2075,雷达强度加成调整系数
2076,配套使用（发射器类别）
2077,配套使用（发射器类别）
2078,配套使用（发射器类别）
2079,套件装甲电磁伤害抗性
2080,套件装甲爆炸伤害抗性
2081,套件装甲动能伤害抗性
2082,套件装甲热能伤害抗性
2083,套件护盾电磁伤害抗性
2084,套件护盾爆炸伤害抗性
2085,套件护盾动能伤害抗性
2086,套件护盾热能伤害抗性
2087,套件结构电磁伤害抗性
2088,套件结构爆炸伤害抗性
2089,套件结构热能伤害抗性
2090,套件结构动能伤害抗性
2091,roleBonus
2092,eliteBonusLogiFrig1
2093,eliteBonusLogiFrig2
2094,微型跃迁引擎持续时间
2095,structureRigBonus1
2096,structureRigBonus2
2097,structureRigBonus3
2098,structureRigBonus4
2099,structureRigBonus5
2100,structureRigBonus6
2101,structureRigBonus7
2102,ignoreCloakVelocityPenalty
2103,可装配至
2104,末日武器目标数量
2105,最大目标跳跃范围
2106,每次目标跳跃伤害减少
2107,微型跳跃引擎持续时间
2108,服务装备燃料需求
2109,服务装备周期燃料需求
2110,服务装备启用燃料需求
2111,每周可被攻击时间
2112,感应战抗性
2113,武器干扰抗性
2114,目标标记抗性
2115,停滞缠绕抗性
2116,远程后勤阻扰
2118,护盾电磁伤害抗性
2119,护盾热能伤害抗性
2120,护盾动能伤害抗性
2121,护盾爆炸伤害抗性
2123,持续时间
2125,爆炸半径
2126,爆炸速度
2127,fighterAbilityMissilesDamageReductionFactor
2128,fighterAbilityMissilesDamageReductionSensitivity
2130,伤害倍增系数
2131,电磁伤害（每架铁骑舰载机）
2132,热能伤害（每架铁骑舰载机）
2133,动能伤害（每架铁骑舰载机）
2134,爆炸伤害（每架铁骑舰载机）
2135,远程电子协助阻抗
2136,maxTargetRangeBonusInterim
2137,scanResolutionBonusInterim
2138,remoteResistanceID
2139,maxRangeBonusInterim
2140,falloffBonusInterim
2141,trackingSpeedBonusInterim
2142,aoeCloudSizeBonusInterim
2143,aoeVelocityBonusInterim
2144,explosionDelayBonusInterim
2145,missileVelocityBonusInterim
2147,signatureRadiusBonusInterim
2148,speedFactorInterim
2149,最佳射程
2150,fighterSquadronSize
2151,最大速度加成
2152,最大速度加成
2153,信号半径加成
2154,跳跃范围
2155,持续时间
2156,信号半径加成
2157,持续时间
2158,持续时间
2170,fighterAbilityMissilesResistanceID
2171,电磁伤害（每架铁骑舰载机）
2172,热能伤害（每架铁骑舰载机）
2173,动能伤害（每架铁骑舰载机）
2174,爆炸伤害（每架铁骑舰载机）
2175,最佳射程
2176,失准范围
2177,射击速度
2178,伤害倍增系数
2179,信号分辨率
2180,跟踪速度 / 准确度
2182,射击速度
2183,持续时间
2184,最大速度加成（每架铁骑舰载机）
2185,fighterAbilityStasisWebifierSpeedPenaltyInterim
2186,最佳射程
2187,效果失准范围
2188,fighterAbilityStasisWebifierResistanceID
2189,fighterAbilityAntiFighterMissileResistance
2203,持续时间
2204,最佳射程
2205,跃迁干扰强度（每架铁骑舰载机）
2206,fighterAbilityWarpDisruptionPointStrengthInterim
2207,fighterAbilityEnergyNeutralizerResistanceID
2208,持续时间
2209,最佳射程
2210,效果失准范围
2211,能量中和值（每架铁骑舰载机）
2212,fighterSquadronIsLight
2213,fighterSquadronIsSupport
2214,fighterSquadronIsHeavy
2215,中队大小
2216,铁骑舰载机中队发射管
2217,轻型铁骑舰载机中队限制
2218,后勤铁骑舰载机中队限制
2219,重型铁骑舰载机中队限制
2220,持续时间
2221,最佳射程
2222,效果失准范围
2223,环绕距离
2224,最大速度加成
2225,信号半径降低
2226,伤害倍增系数
2227,电磁伤害（每架铁骑舰载机）
2228,热能伤害（每架铁骑舰载机）
2229,动能伤害（每架铁骑舰载机）
2230,爆炸伤害（每架铁骑舰载机）
2231,fighterAbilityAttackMissileReductionFactor
2232,fighterAbilityAttackMissileReductionSensitivity
2233,射击速度
2234,爆炸半径
2235,爆炸速度
2236,最佳射程
2237,失准范围
2238,持续时间
2239,范围
2242,最大速度加成（每架铁骑舰载机）
2243,fighterAbilityTackleWebSpeedPenaltyInterim
2244,fighterAbilityAntiCapitalMissileResistance
2246,引力ECM干扰器强度（每架铁骑舰载机）
2247,光雷达ECM干扰器强度（每架铁骑舰载机）
2248,磁力ECM干扰器强度（每架铁骑舰载机）
2249,雷达ECM干扰器强度（每架铁骑舰载机）
2250,fighterAbilityECMTargetSuccess
2251,fighterAbilityECMTargetJam
2252,fighterAbilityECMResistanceID
2253,ECM抗性
2255,scanGravimetricStrengthPercentInterim
2256,scanLadarStrengthPercentInterim
2257,scanMagnetometricStrengthPercentInterim
2258,scanRadarStrengthPercentInterim
2259,预热中和半径
2260,预热中和量
2261,预热中和信号半径
2262,预热持续时间
2263,集束激光半径
2264,集束激光持续时间
2265,集束激光伤害周期
2266,speedFactorFloor
2267,电容战抗性加成
2268,最大驻留范围
2269,isPointTargeted
2270,fighterSquadronRole
2271,电磁伤害
2272,热能伤害
2273,动能伤害
2274,爆炸伤害
2275,爆炸范围
2276,爆炸信号半径
2277,附加末日武器次要目标
2278,末日武器次要目标伤害衰减加成
2279,AOE范围
2280,AOE持续时间
2281,AOE信号半径
2282,感应强度加成修正
2283,shipBonusDreadnoughtA1
2284,shipBonusDreadnoughtA2
2285,shipBonusDreadnoughtA3
2286,shipBonusDreadnoughtC1
2287,shipBonusDreadnoughtC2
2288,shipBonusDreadnoughtC3
2289,shipBonusDreadnoughtG1
2290,shipBonusDreadnoughtG2
2291,shipBonusDreadnoughtG3
2292,shipBonusDreadnoughtM1
2293,shipBonusDreadnoughtM2
2294,shipBonusDreadnoughtM3
2298,shipBonusRole1
2299,shipBonusRole2
2300,shipBonusRole3
2301,shipBonusRole4
2302,shipBonusRole5
2303,shipBonusRole6
2304,鱼雷速度加成
2305,超大型发射器射速加成
2306,导弹伤害加成
2307,炮台伤害加成
2308,shipBonusForceAuxiliaryA1
2309,shipBonusForceAuxiliaryA2
2310,shipBonusForceAuxiliaryA3
2311,shipBonusForceAuxiliaryC1
2312,shipBonusForceAuxiliaryC2
2313,shipBonusForceAuxiliaryC3
2314,shipBonusForceAuxiliaryG1
2315,shipBonusForceAuxiliaryG2
2316,shipBonusForceAuxiliaryG3
2317,shipBonusForceAuxiliaryM1
2318,shipBonusForceAuxiliaryM2
2319,shipBonusForceAuxiliaryM3
2320,shipBonusForceAuxiliaryA4
2321,shipBonusForceAuxiliaryC4
2322,shipBonusForceAuxiliaryG4
2323,shipBonusForceAuxiliaryM4
2324,fighterAbilityLaunchBombType
2325,电磁伤害（每架铁骑舰载机）
2326,热能伤害（每架铁骑舰载机）
2327,动能伤害（每架铁骑舰载机）
2328,爆炸伤害（每架铁骑舰载机）
2329,fighterAbilityKamikazeSignatureRadius
2330,fighterAbilityKamikazeRange
2333,structureRoleBonus
2334,structureItemVisualFlag
2335,铁骑舰载机护盾加成
2336,铁骑舰载机速度加成
2337,铁骑舰载机射速加成
2338,铁骑舰载机护盾回充加成
2339,structureServiceRoleBonus
2340,铁骑舰载机挂舱容量加成
2342,远程维修阻扰加成
2343,不允许驻留
2344,旗舰远程后勤支援持续时间加成 (护盾/装甲/结构/能量)
2345,旗舰远程后勤支援维修量加成 (护盾/装甲/结构/能量)
2346,装甲维修器/护盾回充增量器运转周期加成
2347,装甲维修量/护盾回充增量加成
2348,旗舰远程后勤支援距离加成 (护盾/装甲/结构/能量)
2349,持续时间
2351,感应抑阻器抗性加成
2352,远程协助阻扰加成
2353,武器干扰抗性加成
2354,不允许停靠
2355,高安加成系数
2356,低安加成系数
2357,0.0和虫洞加成系数
2358,securityModifier
2359,shipBonusCarrierA1
2360,shipBonusCarrierA2
2361,shipBonusCarrierA3
2362,shipBonusCarrierA4
2363,shipBonusCarrierC1
2364,shipBonusCarrierC2
2365,shipBonusCarrierC3
2366,shipBonusCarrierC4
2367,shipBonusCarrierG1
2368,shipBonusCarrierG2
2369,shipBonusCarrierG3
2370,shipBonusCarrierG4
2371,shipBonusCarrierM1
2372,shipBonusCarrierM2
2373,shipBonusCarrierM3
2374,shipBonusCarrierM4
2375,shipBonusSupercarrierA1
2376,shipBonusSupercarrierA2
2377,shipBonusSupercarrierA3
2378,shipBonusSupercarrierA4
2379,shipBonusSupercarrierA5
2380,shipBonusSupercarrierC1
2381,shipBonusSupercarrierC2
2382,shipBonusSupercarrierC3
2383,shipBonusSupercarrierC4
2384,shipBonusSupercarrierC5
2385,shipBonusSupercarrierG1
2386,shipBonusSupercarrierG2
2387,shipBonusSupercarrierG3
2388,shipBonusSupercarrierG4
2389,shipBonusSupercarrierG5
2390,shipBonusSupercarrierM1
2391,shipBonusSupercarrierM2
2392,shipBonusSupercarrierM3
2393,shipBonusSupercarrierM4
2394,shipBonusSupercarrierM5
2395,只能在建筑可被攻击时使用
2396,可装配至
2397,作用时间/单次运转时间
2398,作用时间/单次运转时间
2399,作用时间/单次运转时间
2400,作用时间/单次运转时间
2401,fighterAbilityKamikazeDuration
2402,电磁伤害抗性加成调整系数
2403,爆炸伤害抗性加成调整系数
2404,动能伤害抗性加成调整系数
2405,热能伤害抗性加成调整系数
2406,shipBonusTitanA1
2407,shipBonusTitanA2
2408,shipBonusTitanA3
2409,shipBonusTitanA4
2410,shipBonusTitanC1
2411,shipBonusTitanC2
2412,shipBonusTitanC3
2413,shipBonusTitanC4
2414,shipBonusTitanG1
2415,shipBonusTitanG2
2416,shipBonusTitanG3
2417,shipBonusTitanG4
2418,shipBonusTitanM1
2419,shipBonusTitanM2
2420,shipBonusTitanM3
2421,shipBonusTitanM4
2422,有效期
2423,shipBonusTitanC5
2424,目标标记装置抗性加成
2425,跃迁干扰强度
2426,重新装填周期
2427,跳跃/停靠/驻留/隐形限制持续时间
2428,无法移动持续时间
2429,超级武器效果形状
2430,doomsdayRangeIsFixed
2431,该类型装备使用上限
2432,fighterAbilityKamikazeResistanceID
2433,fighterAbilityKamikazeResistance
2434,目标锁定数上限加成
2435,扫描分辨率加成
2436,定点防卫炮塔范围加成
2437,定点防卫炮塔电容消耗加成
2438,爆炸速度加成
2439,导弹速度加成
2440,最佳射程加成
2441,失准范围加成
2442,电容消耗加成
2444,小行星带矿石精炼产出
2445,卫星矿石精炼产出
2446,清冰锥和白釉冰提炼产出
2447,蓝冰矿和聚合冰体提炼产出
2448,冰矿精炼产出
2449,制导炸弹爆炸半径加成
2450,技能已过时
2451,能量中和信号分辨率
2452,能量中和失准范围
2453,disallowDriveJumping
2454,disallowCloaking
2455,cynosuralFieldSpawnRadius
2456,护盾容量加成
2457,装甲维修加成
2458,采矿循环周期调节值
2459,人物角色技能点上限
2460,eliteBonusLogistics3
2461,技能点
2462,roleBonusRepairRange
2463,可以装配至
2464,affectedByIndustrialInvulnModule
2467,尸体舱容量
2468,warfareBuff1ID
2469,warfareBuff1Value
2470,warfareBuff2ID
2471,warfareBuff2Value
2472,warfareBuff3ID
2473,warfareBuff3Value
2474,shipBonusICS3
2475,shipBonusICS4
2476,可以装配至
2477,可以装配至
2478,可以装配至
2479,可以装配至
2480,可以装配至
2481,可以装配至
2482,可以装配至
2483,可以装配至
2484,可以装配至
2485,可以装配至
2486,可以装配至
2487,可以装配至
2488,可以装配至
2489,behaviorMiningAmount
2490,behaviorMiningDuration
2491,behaviorRemoteArmorRepairDuration
2492,behaviorRemoteArmorRepairRange
2493,behaviorRemoteArmorRepairFalloff
2494,behaviorRemoteArmorRepairDischarge
2495,behaviorRemoteShieldBoostDuration
2496,behaviorRemoteShieldBoostRange
2497,behaviorRemoteShieldBoostFalloff
2498,behaviorRemoteShieldBoostDischarge
2499,behaviorWebifierDuration
2500,behaviorWebifierRange
2501,behaviorWebifierFalloff
2502,behaviorWebifierDischarge
2503,behaviorWarpDisruptDuration
2504,behaviorWarpDisruptRange
2505,behaviorWarpDisruptDischarge
2506,behaviorWarpScrambleDuration
2507,behaviorWarpScrambleRange
2508,behaviorWarpScrambleDischarge
2509,behaviorWarpScrambleStrength
2510,behaviorWarpDisruptStrength
2511,npcGuidanceDisruptorDuration
2512,npcGuidanceDisruptorRange
2513,npcGuidanceDisruptorFalloff
2514,npcGuidanceDisruptorDischarge
2515,npcTrackingDisruptorDuration
2516,npcTrackingDisruptorRange
2517,npcTrackingDisruptorFalloff
2518,npcTrackingDisruptorDischarge
2519,behaviorEnergyNeutralizerDuration
2520,behaviorEnergyNeutralizerRange
2521,behaviorEnergyNeutralizerFalloff
2522,behaviorEnergyNeutralizerDischarge
2523,behaviorTargetPainterDuration
2524,behaviorTargetPainterRange
2525,behaviorTargetPainterFalloff
2526,behaviorTargetPainterDischarge
2527,behaviorSensorDampenerDuration
2528,behaviorSensorDampenerRange
2529,behaviorSensorDampenerFalloff
2530,behaviorSensorDampenerDischarge
2531,behaviorECMDuration
2532,behaviorECMRange
2533,behaviorECMFalloff
2534,behaviorECMDischarge
2535,系数持续时间
2536,warfareBuff4ID
2537,warfareBuff4Value
2538,attributeEquipmentManufactureMaterialMultiplier
2539,attributeEquipmentManufactureTimeMultiplier
2540,attributeAmmoManufactureMaterialMultiplier
2541,attributeAmmoManufactureTimeMultiplier
2542,attributeDroneManufactureMaterialMultiplier
2543,attributeDroneManufactureTimeMultiplier
2544,attributeBasSmallShipManufactureMaterialMultiplier
2545,attributeBasSmallShipManufactureTimeMultiplier
2546,attributeBasMediumShipManufactureMaterialMultiplier
2547,attributeBasMediumShipManufactureTimeMultiplier
2548,attributeBasLargeShipManufactureMaterialMultiplier
2549,attributeBasLargeShipManufactureTimeMultiplier
2550,attributeAdvSmallShipManufactureMaterialMultiplier
2551,attributeAdvSmallShipManufactureTimeMultiplier
2552,attributeAdvMediumShipManufactureMaterialMultiplier
2553,attributeAdvMediumShipManufactureTimeMultiplier
2555,attributeAdvLargeShipManufactureMaterialMultiplier
2556,attributeAdvLargeShipManufactureTimeMultiplier
2557,attributeAdvCompManufactureMaterialMultiplier
2558,attributeAdvCompManufactureTimeMultiplier
2559,attributeBasCapCompManufactureMaterialMultiplier
2560,attributeBasCapCompManufactureTimeMultiplier
2561,attributeStructureManufactureMaterialMultiplier
2562,attributeStructureManufactureTimeMultiplier
2563,attributeInventionCostMultiplier
2564,attributeInventionTimeMultiplier
2565,attributeMEResearchCostMultiplier
2566,attributeMEResearchTimeMultiplier
2567,attributeTEResearchCostMultiplier
2568,attributeTEResearchTimeMultiplier
2569,attributeBPCopyCostMultiplier
2570,attributeBPCopyTimeMultiplier
2571,指挥脉冲波强度加成
2572,指挥脉冲波强度加成
2573,装填速度加成
2574,指挥脉冲波效果范围加成
2575,attributeCapShipManufactureMaterialMultiplier
2576,attributeCapShipManufactureTimeMultiplier
2577,shipBonusICS5
2578,roleBonusDroneMiningYield
2579,roleBonusDroneIceHarvestingSpeed
2580,industrialBonusDroneDamage
2581,onlineMaxSecurityClass
2582,shipBonusORECapital5
2583,无人机伤害和HP加成
2584,无人机最大速度加成
2585,无人机矿石开采量加成
2586,无人机冰矿开采速度加成
2587,开采先锋脉冲波强度加成
2588,指挥和开采先锋脉冲波范围加成
2589,modeDamageBonusPostDiv
2590,modeEwarResistancePostDiv
2591,attributeAllShipsManufactureTimeMultiplier
2592,attributeAllShipsManufactureMaterialMultiplier
2593,时间削减加成
2594,材料削减加成
2595,成本削减加成
2596,warfareBuff1Multiplier
2597,warfareBuff2Multiplier
2598,warfareBuff3Multiplier
2599,warfareBuff4Multiplier
2600,strEngMatBonus
2601,strEngCostBonus
2602,strEngTimeBonus
2603,最大速度加成
2604,旗舰级远程护盾回充增量器距离加成
2605,旗舰级远程护盾回充增量器持续时间和电容消耗加成
2606,护盾回充增量器持续时间加成
2607,护盾回充增量器回充量加成
2608,最小速度限制
2609,doomsdayEnergyNeutResistanceID
2610,pilotSecurityStatus
2612,AI_TankingModifierFighter
2613,chargeRateMultiplier
2614,behaviorMicroWarpDriveDischarge
2615,behaviorMicroWarpDriveDuration
2616,behaviorMicroWarpDriveMassAddition
2617,behaviorMicroWarpDriveSignatureRadiusBonus
2618,behaviorMicroWarpDriveSpeedFactor
2619,behaviorMicroWarpDriveSpeedBoostFactor
2620,concordRoleBonusSecGain
2621,inverseCappedSecStatus
2622,concordTankBonus
2623,constantZero
2624,constantFifty
2627,eliteBonusBlackOps3
2628,eliteBonusBlackOps4
2629,behaviorEnergyNosferatuDischarge
2630,behaviorEnergyNosferatuDuration
2631,behaviorEnergyNosferatuFalloff
2632,behaviorEnergyNosferatuRange
2633,behaviorArmorRepairerDuration
2634,behaviorArmorRepairerDischarge
2635,behaviorArmorRepairerAmount
2636,BehaviorSiegeDuration
2637,BehaviorSiegeDischarge
2638,BehaviorSiegeRemoteRepairImpedanceModifier
2639,BehaviorSiegeRemoteAssistanceImpedanceModifier
2640,BehaviorSiegeSensorDampenerResistanceModifier
2641,BehaviorSiegeWeaponDisruptionResistanceModifier
2642,BehaviorSiegeECMResistanceModifier
2643,BehaviorSiegeMaxVelocityModifier
2644,BehaviorSiegeWarpScrambleStatusModifier
2645,BehaviorSiegeDisallowTetheringModifier
2646,BehaviorSiegeMassModifier
2647,BehaviorSiegeLocalLogisticsAmountModifier
2648,BehaviorSiegeLocalLogisticsDurationModifier
2649,BehaviorSiegeTurretDamageModifier
2653,图克尔加强型旗舰组件材料减耗加成
2654,gfxTurretCount
2655,gfxLauncherID
2656,gfxLauncherCount
2657,增效剂舱容量
2658,attributeAdvCapCompManufactureMaterialMultiplier
2659,attributeAdvCapCompManufactureTimeMultiplier
2660,反应时间加成
2661,反应槽位加成
2662,reactionTimeMultiplier
2664,reactionSlotLimit
2665,掠能器和能量中和器装配需求降低
2666,中型混合炮台装配需求降低
2667,中型射弹炮台装配需求降低
2668,中型能量炮台装配需求降低
2669,中型导弹发射器装配需求降低
2670,中型远程护盾回充增量器装配需求降低
2671,中型远程装甲维修器装配需求降低
2673,behaviorMiningMaxRange
2674,behaviorMiningDischarge
2675,子系统舱容量
2676,shipBonusStrategicCruiserCaldari2
2677,shipBonusStrategicCruiserAmarr2
2678,shipBonusStrategicCruiserGallente2
2679,shipBonusStrategicCruiserMinmatar2
2680,subsystemBonusAmarrDefensive3
2681,subsystemBonusAmarrCore3
2682,subsystemBonusCaldariDefensive3
2683,subsystemBonusCaldariCore3
2684,subsystemBonusGallenteDefensive3
2685,subsystemBonusGallenteCore3
2686,subsystemBonusMinmatarDefensive3
2687,subsystemBonusMinmatarCore3
2688,结构值加成
2689,货柜舱容量加成
2690,附加惯性调整系数
2691,mediumRemoteRepFittingMultiplier
2692,指挥脉冲波装配需求降低
2693,远程护盾回充增量器失准范围加成
2694,远程装甲维修器失准范围加成
2695,远程装甲维修器最佳射程加成
2696,装备或子系统过时了
2697,最大扫描范围
2698,autoFractureDelay
2699,asteroidMetaLevel
2700,最大自动锁定距离
2701,测量探针扫描时间减少
2704,开采量系数
2705,卫星小行星带半径系数
2706,卫星小行星衰减时间
2707,区块稳定性加成
2708,开采小行星衰减加成
2709,卫星小行星带半径加成
2710,卫星开采体积加成
2711,oreBasicType
2713,时间加成
2714,材料削减加成
2715,reactionHybTimeMultiplier
2716,reactionHybMatMultiplier
2717,reactionCompTimeMultiplier
2718,reactionCompMatMultiplier
2719,reactionBioTimeMultiplier
2720,reactionBioMatMultiplier
2721,strReactionTimeMultiplier
2722,strRefiningYieldBonus
2723,BehaviorShieldBoosterAmount
2724,BehaviorShieldBoosterDischarge
2725,BehaviorShieldBoosterDuration
2727,asteroidMaxRadius 
2728,生成的小行星的大约生命周期
2729,nextActivationTime
2730,BehaviorSiegeMissileDamageModifier
2731,eliteBonusCovertOps4
2732,stealthBomberLauncherCPU
2733,每循环伤害倍增系数加成
2734,最大伤害系数加成
2735,npcStructureStasisWebificationBonus
2736,npcStructureEnergyWarfareBonus
2737,屹立轻型铁骑舰载机中队限制
2738,屹立后勤铁骑舰载机中队限制
2739,屹立重型铁骑舰载机中队限制
2740,fighterSquadronIsStandupLight
2741,fighterSquadronIsStandupSupport
2742,fighterSquadronIsStandupHeavy
2743,structureFullPowerStateHitpointMultiplier
2744,全能量模式护盾和装甲值系数
2745,持续时间
2746,已激活伤害抗性
2747,停滞缠绕光束最大范围加成
2748,最大锁定范围加成
2749,制导炸弹发射器和脉冲波投射器的射速加成
2750,hiddenMissileDamageMultiplier
2751,hiddenArmorHPMultiplier
2752,eliteBonusFlagCruisers1
2753,加力燃烧器、微型跃迁推进器和微型跳跃引擎装配需求降低
2754,侵噬链接协助阻抗
2755,目标标记装置强度调整
2756,目标标记装置最佳射程加成
2757,目标标记装置和扫描探针发射器装配需求降低
2758,可以装配至
2759,typeListId
2760,深渊环境
2761,难度等级
2762,特殊能力加成
2763,特殊能力加成
2764,特殊能力加成
2765,特殊能力加成
2766,特殊能力加成
2767,特殊能力加成
2768,emDamageResonanceMax
2769,thermalDamageResonanceMax
2770,kineticDamageResonanceMax
2771,explosiveDamageResonanceMax
2772,护盾、装甲、结构值和电容量加成
2773,一级科技舰船制造项目时间需求加成
2774,二级科技舰船制造项目时间需求加成
2775,高级组件制造项目时间需求加成
2776,旗舰组件制造项目时间需求加成
2777,装备制造项目时间需求加成
2778,材料效率研究项目时间需求加成
2779,时间效率研究项目时间需求加成
2780,蓝图拷贝项目时间需求加成
2781,发明项目时间需求加成
2782,材料效率研究、时间效率研究和拷贝项目星币花费降低
2783,发明项目星币花费降低
2784,npcDroneCapacity
2785,npcDroneBandwidth
2786,npcBehaviorMaximumCombatOrbitRange
2787,monumentAllianceID
2788,持续时间
2789,跃迁速度和加速加成
2790,最大货柜存放距离
2791,不能卸载
2792,preFitServiceSlot0
2793,额外跳跃通道燃料消耗
2794,激活延迟
2795,激活延迟
2796,每循环维修倍增系数加成
2797,最大维修倍增系数加成
2798,最大跳跃质量
2799,shipBonusPD1
2800,shipBonusPD2
2801,shipBonusPBC1
2802,shipBonusPBC2
2803,开采量
2804,serviceModuleFullPowerStateArmorPlatingMultiplier
2805,structurePowerStateArmorPlatingMultiplier
2806,可不受技能惩罚地使用注射器的数量
2807,重启延时降低
2808,TotalArmorRepairOnTarget
2809,TotalShieldRepairOnTarget
2810,TotalHullRepairOnTarget
2811,TotalCapTransferOnTarget
2812,behaviorSmartBombDuration
2814,behaviorSmartBombDischarge
2815,behaviorMicroJumpAttackDischarge
2816,behaviorMicroJumpAttackRange
2818,behaviorMicroJumpAttackJumpDistance
2819,behaviorMicroJumpAttackDuration
2820,高角炮台伤害加成
2821,快速鱼雷发射器加成
2822,干扰持续时间
2823,最大伤害加成系数调整
2824,每循环伤害系数加成调整
2825,植入体套装加成
2826,使用工业诱导力场科技
2827,hasLongAnimationWhenAddedToSpaceScene
2828,特殊能力加成
2829,shipBonusDreadnoughtPC2
2830,shipBonusDreadnoughtPC1
2831,shipBonusDreadnoughtPC3
2832,最大舰船跳跃数量
3015,护盾值加成
3017,极乐套装加成
3020,护卫舰逃生舱
3023,救世套装加成
3024,远程维修装备单次运转时间加成
3025,ActiveSystemJump
3026,FilamentDescriptionMessageID
3027,九头蛇套件加成
3028,无人机跟踪速度加成
3029,无人机最佳射程和失准范围加成
3030,导弹飞行时间加成
3031,导弹爆炸速度加成
3034,maxLockedTargetsMultiplier
3035,Warp Scramble Strength Bonus
3036,电弧范围
3037,电弧链目标
3038,isCynoJammer
3039,behaviorSmartBombEntityDamageMultiplier
3041,shipBonusUF1
3042,shipBonusUF2
3043,shipBonusUC1
3044,shipBonusUC2
3045,shipBonusUB1
3046,shipBonusUB2
3050,AmountOfFleetsPerMatch
3051,范围效果半径
3052,所需舰船数量
3093,showSystemInfoBubble
3095,探针强度加成
3096,locationListID
3097,lightYearDistanceMax
3098,armorRepairDurationBonus
3099,shieldBoosterDurationBonus
3101,量子芯类型
3102,onlyTractorCorpses
3104,消耗量
3105,克隆重制体消耗类型
3107,销魂套装加成
3108,导弹射速加成
3109,炮台射速加成
3110,获取成功率
3113,信号半径加成
3114,主动信号半径加成
3115,作用时间/单次运转时间
3117,cloakStabilizationStrength
3118,稳定隐形持续时间
3120,warpBubbleImmuneBonus
3123,跳跃星门后隐身状态下可以使用
3124,无人机带宽惩罚
3125,enableOpenJumpPortal
3126,enablePerformConduitJump
3130,团队跳跃燃料需求
3131,导管跳跃消耗量
3132,monumentCorporationID
3133,导管跳跃乘客数量
3134,隐形稳定持续时间加成
3136,Ice Hold Capacity
3148,Valid target types
3153,Residue Volume Multiplier
3154,Residue Probability
3157,gallenteIndustrialBonusIceHoldCapacity
3158,shipBonusGasHold
3159,Residue Volume Multiplier Bonus
3160,Residue Probability Bonus
3161,Asteroid Specialization Duration Multiplier
3164,Drop Chance Overwrite
3165,Probe Strength Bonus
3166,expeditionFrigateBonusMiningLaserDuration
3167,expeditionFrigateBonusIceHarvestingDuration
3168,expeditionFrigateBonusGasHarvestingDuration
3169,expeditionFrigateBonusArmorResistance
3170,expeditionFrigateBonusLightDronesDamage_DEPRICATED
3171, expeditionFrigateBonusMediumDronesDamage_DEPRICATED
3172,shipRoleBonusDroneOreMiningCycleTime
3173,shipRoleBonusDroneIceMiningCycleTime
3176,Target Lock Silently
3177,shipRoleBonusOreMiningYield
3178,shipRoleBonusIceHarvestingDuration
3179,shipRoleBonusDroneDamage
3180,shipRoleBonusDroneHitPoints
3181,miningBargeBonusOreMiningYield
3182,miningBargeBonusIceHarvestingDuration
3183,miningBargeBonusGasHarvestingDuration
3184,miningBargeBonusOreMiningRange
3185,miningBargeBonusIceHarvestingRange
3187,miningBargeBonusGeneralMiningHoldCapacity
3188,miningBargeBonusShieldCapacity
3189,miningBargeBonusArmorHP
3190,expeditionFrigateBonusSignatureRadius
3191,expeditionFrigateBonusOreMiningYield
3192,expeditionFrigateBonusShieldResistance
3193,exhumersBonusOreMiningDuration
3194,exhumersBonusIceHarvestingDuration
3195,exhumersBonusSingatureRadius
3197,exhumersBonusOreMiningYield
3198,exhumersBonusGeneralMiningHoldCapacity
3199,exhumersBonusShieldResistance
3200,exhumersBonusArmorResistance
3201,exhumersBonusLightDroneDamage
3202,exhumersBonusMediumDronesDamage
3203,industrialCommandBonusDroneDamage
3204,industrialCommandBonusFuelConsuptionCompactIndustrialCore
3205,industrialCommandBonusMiningForemanBurstRange
3206,Stasis Webifier Maximum Range Bonus
3208,industrialCommandBonusGasHoldCapacity
3209,industrialCommandBonusIceHoldCapacity
3210,minmatarIndustrialBonusGasHoldCapacity
3211,industrialCommandBonusShipCargoCapacity
3212,industrialCommandBonusGeneralMiningHoldCapacity
3213,expeditionFrigateBonusLightDronesDamage
3214,expeditionFrigateBonusMediumDroneDamage
3221,industrialCommandBonusDroneOreMiningYield
3222,industrialCommandBonusDroneIceHarvestingCycleTime
3223,capitalIndustrialShipBonusDroneOreMiningYield
3224,capitalIndustrialShipBonusDroneIceCycleTime
3225,shipRoleBonusGasHarvesterDuration
3226,exhumersBonusGasHarvestingDuration
3227,Asteroid Hold Capacity
3228,shipRoleBonusStripMinerActivationCost
3229,shipRoleBonusIceHarvesterActivationCost
3230,shipRoleBonusOreMiningDuration
3231,shipRoleBonusGeneralMiningHoldCapacity
3233,capitalIndustrialShipBonusDroneHitPoints
3235,industrialCommandBonusDroneHitPoints
3236,ignoreMiningWaste
3237,miningFrigateBonusGasCloudHarvestingDuration
3239,shipRoleBonusGasHarvestingYield
3240,miningFrigateBonusIceHarvestingDuration
3241,gallenteIndustrialBonusMiningHoldCapacity
3242,shipRoleBonusDroneOreMiningYield
3246,Optimal Range
3250,eliteBonusHeavyInterdictors3
3255,Compressible Items
3257,Warp Scrambler Optimal Range Bonus
3258,Hull Damage Resistance Bonus
3260,Gas Decompression Efficiency Bonus
3261,structureGasDecompressionEfficiencyBonus
3262,gasDecompressionBaseEfficiency
3263,fleetCompressionLogisticsRangeBonus
3265,activationRequiresActiveIndustrialCore
3266,battleshipPlateHPBonus
3267,battleshipExtenderHPBonus
3268,battleshipBulkheadHPModifierBonus
3317,jumpDriveTargetBeaconTypelistID
3318,jumpPortalPassengerRequiredAttributeID
3319,isTitanJumpPortalPassenger
3320,isBlackOpsJumpPortalPassenger
3321,jumpConduitPassengerRequiredAttributeID
3322,isBlackOpsJumpConduitPassenger
3324,isIndustrialJumpConduitPassenger
3325,isIndustrialJumpPortalPassenger
3326,capitalIndustrialCommandBonusDroneDamage
3327,capitalIndustrialShipBonusMiningForemanBurstRange
3328,subsystemBonusMassAddition
3353,Drone Tracking Speed Bonus
3354,DPS threshold to pause shield repair
3355,DPS threshold to pause armor repair
3356,DPS threshold to pause hull repair
3422,Stasis Webifier Resistance Bonus
3429,Armor Damage Resistance Bonus
