违逆者级,33083
毒蛇级,33081
月刃级,22468
星系范围跃迁速度加成,54215
阿施塔特级,22466
强金属极限异种物质风暴,56059
飞燕级,22464
太空舱 - 格鲁汀 曙光 197-衍生型,33328
厄里斯级,22460
奥内罗斯级,11989
恶魔级,35781
方舟级,28850
守卫级,11987
皇冠蜥级,11985
女妖级,11381
土狼级,11387
恩赐者级,1944
猎豹级,11182
末日沙场级海军型,32305
咒灭级,11186
雷裔级,54733
十字军级,11184
破天级,54731
长尾鲛级图克尔部族版,33883
咒逐级,11188
毒蝎级海军型,32309
响尾蛇级,17918
亥伯龙神级埃拉斯多集团版,33635
魔裔级,32788
死亡漩涡级内凡达版,33631
死亡漩涡级克鲁夏版,33633
启示级卡多尔版,33639
三类黑洞效果光束,30851
弱金属极限异种物质风暴,56058
特里斯坦级,593
纳维达斯级,592
六类黑洞效果光束,30854
惩罚者级,597
帝国号,596
爆发级,599
分裂者级,598
强金属极限电子风暴,56057
艾玛穿梭机,11134
奥苏斯级,33818
米玛塔尔穿梭机,11132
安抚者级,44993
一类激变变星效果光束,30846
加姆级,33816
元帅级,44996
执法者级,44995
一类磁星效果光束,30847
渎圣级,12019
缪宁级,12015
奉献级,12017
银鹰级,12011
阔刀级,12013
克洛诺斯短途物流版,34245
狂暴级司法局版,34247
克洛诺斯级警察版,34241
永恒者级,37135
克洛诺斯级酷菲版,34243
圣卒级,29986
狂暴级克鲁夏版,34249
万王宝座级酷菲版,34118
凯旋奢华游艇,34590
凤凰级维克米集团版,34343
狞獾级海军型,17634
魔像级,28710
万王宝座级,641
毒蝎级,640
末日沙场级,643
灾难级,642
多米尼克斯级,645
台风级,644
狐鼬级,649
獾级,648
磨难级,2161
麦基诺级,22548
涅斯托级,33472
轻舟级,22546
万王宝座级海军型,17728
盖伦特穿梭机,11129
灾难级海军型,17726
塞纳波级,17720
警惕级,17722
阿尔格斯级,32872
龙骑兵级,32874
幼龙级,24698
渡鸦级,32876
先驱者级,24696
弯刀级,32878
死亡漩涡级,24694
未来人类级,33079
地狱天使级,24692
恶意级,3516
亥伯龙神级,24690
归魂者级,3514
克洛诺斯级,28661
恶狼级,28665
猛烈级,42124
仇恨级,42125
征服者级,42126
寡妇级,22436
罪恶级,22430
乌鸦级YC117年特别版,34469
富豪级,29248
多米尼克斯级YC117年特别版,34465
长尾蜥级,33673
变色龙级,33675
警察追击彗星级,33677
加达里海军霍克比尔级,17619
元始级,2863
实践级,47466
掘金者级,33697
恩赐者级塔什蒙贡版,33695
猛犸级内凡达版,33693
狐鼬级维克米集团版,33691
唤风级,54732
萨沙入侵先锋星系效果,3069
美洲虎级,11400
激进级,12753
海燕级古斯塔斯版,33881
龙卷风级,4310
古斯塔斯穿梭机,21628
匹希斯级,62922
回声级,617
献祭者级,615
高鲁的穿梭机,21097
巴盖斯级,33820
史瓦西级,62921
尼铎格尔级,24483
达玛维克级,47269
伊什塔级YC117年特别版,34479
银鹰级YC117年特别版,34477
毒蜥级YC117年特别版,34475
幼龙级YC117年特别版,34473
灾难级YC117年特别版,34471
海神核心 - 电子效能组合逻辑元件,45628
海神核心 - 增强聚变反应堆,45629
圣卒防御 - 增强装甲板,45587
圣卒防御 - 隐形优化器,45586
圣卒核心 - 散解程控装置,45622
圣卒核心 - 增强反物质反应堆,45623
金鹏防御 - 隐形优化器,45589
圣卒防御 - 纳米机器人喷注器,45588
金鹏核心 - 增强引力子反应堆,45626
金鹏核心 - 干扰管,45627
圣卒核心 - 能量寄取集成体,45624
金鹏核心 - 电子效能组合逻辑元件,45625
麒麟级,37458
塔利亚级,37459
议会外交穿梭机,34496
磨难级海军型,37453
守夜者级舰队型,37454
狮鹫级海军型,37455
毛鲁斯级海军型,37456
执事级,37457
空堡,35832
米亚莫斯级酷菲深蓝版,4388
星城,35834
阿塔诺,35835
塔塔拉,35836
暴君级,624
猎獒级,60764
雷兽级,60765
响尾蛇级胜利版,34151
监视者级,45534
收藏家级,45530
胜利者级,45531
内凡达长尾鲛级,33099
夜鹰级,22470
永灭级,22474
毒蜥级,17715
刺客级舰队型,17713
幽灵级,17718
战鹰级,11379
猎获级,17480
黎曼级,62920
纳美西斯级,11377
猎狼级,11371
安塞波跳跃星门,35841
明灯诱导信标,35840
弥洱米顿级,24700
暴风级,24702
乌鸦级政府型,26840
狂暴级部族型,26842
伊基图萨级,52252
涅伽尔级,52250
德拉古级,52254
合众国星际观测站,54332
联邦星际观测站,54333
帝国星际观测站,54330
共和国星际观测站,54331
伊塔那级,32790
镰刀级舰队型,29336
奥格诺级海军型,29337
启示级塔什蒙贡版,33641
凤凰级,19726
狞獾级纳基维版,33643
亥伯龙神级短途物流版,33637
狞獾级维克米集团版,33645
刺客级内凡达版,33647
刺客级克鲁夏版,33649
星际捷运穿梭机,30842
裂谷级,587
狮鹫级,584
伐木者级,585
矮脚鸡级,582
秃鹫级,583
一类脉冲星效果光束,30844
一类黑洞效果光束,30845
神示级萨拉姆版,34345
纳迦法级,19722
一类红巨星效果光束,30848
一类沃尔夫-拉叶星效果光束,30849
纳迦法级司法局版,34341
死神号,588
刽子手级,589
布鲁提克斯级天蛇版,33869
神示级,19720
复仇女神级,2836
乌图级,2834
促进级,16240
长尾鲛级,16242
伊什塔级,12005
狂热级,12003
魔像级古斯塔斯版,34231
莫洛级星际捷运版,34339
魔像级卡拉吉塔集团版,34233
魔像级纳基维版,34235
万王宝座级警察版,34237
万王宝座级短途物流版,34239
巨鸟级,623
刺客级,622
狞獾级,621
鱼鹰级,620
托勒克斯级,627
狂怒者级,626
奥格诺级,625
二类黑洞效果光束,30850
万王宝座级YC117年特别版,34467
断崖级,629
主宰级,628
五类黑洞效果光束,30853
四类黑洞效果光束,30852
因卡萨斯级,594
送葬者级海军型,29344
狂怒守卫者级,11011
米亚莫斯级,656
伊特龙级MKV,657
克琉斯级,654
埃比斯级,655
猛犸级,652
环绕级,653
涅鲁斯级,650
囤积者级,651
诅咒级,20125
曲剑级,11978
塔什蒙贡富豪级,33190
拉克希斯级,11971
手术刀级,37460
斯威普级,34562
强不稳定冰风暴,56967
黑豹级,22440
曙光女神级,22442
斯雷普尼级,22444
兀鹫级,22446
救赎级,22448
毒蝎级异株湖保安型,4005
神使级,11567
魔符级,19744
埃拉斯多集团促进级,32848
伊什库尔级,12042
潜龙级,17930
德拉米尔级,17932
恩尤级,12044
共和舰队火尾鸡级,17812
龙鸟级,37605
使徒级,37604
尼纳苏级,37607
利夫级,37606
回旋者级,17478
预言级,4302
娜迦级,4306
萨沙入侵总部星系效果,3494
塔洛斯级,4308
萨沙入侵突袭星系效果,3493
妄想级,17476
海神级,29988
旭日级,42685
金鹏级,29984
巨神兵级,591
执政官级,23757
联邦海军彗星级,17841
长须鲸级,28352
狂怒者级海军型,17843
"""莫罗""铁壁",47512
"""德拉库斯""铁壁",47513
"""普罗米修斯""铁壁",47516
"""地平线""铁壁",47514
"""马金尼斯""铁壁",47515
马克瑞级YC117年特别版,34461
响尾蛇级YC117年特别版,34463
洛基推进 - 间层纳米纤维,45620
伊甸联合防御阵线诱导力场干扰器,54838
洛基推进 - 尾迹抑制器,45621
圣卒攻击 - 液晶放大器,45598
圣卒攻击 - 攻击导弹优化器,45599
海神防御 - 纳米机器人喷注器,45594
洛基防御 - 隐形优化器,45595
洛基防御 - 增强耐用装置,45596
洛基防御 - 自适应防御节点,45597
金鹏防御 - 辅助保护幕墙,45590
金鹏防御 - 放大节点,45591
海神防御 - 隐形优化器,45592
海神防御 - 增强无人机装甲板,45593
米亚莫斯级阿玛斯翠丝版,32811
洛基推进 - 拦截湮灭者,45619
冲锋者级,32880
寒鸦级,34828
塔纳尼斯级,11200
阿瑞斯级,11202
帝国海军切割机级,17703
启示级海军型,17709
克雷默斯级,33397
莫拉查级,33395
复仇级,11365
冥府级,22852
海神推进 - 超空间优化器,45617
海神推进 - 拦截湮灭者,45616
金鹏推进 - 燃料催化器,45615
金鹏推进 - 机舱优化,45614
金鹏推进 - 拦截湮灭者,45613
圣卒推进 - 尾迹抑制器,45612
圣卒推进 - 间层纳米纤维,45611
圣卒推进 - 拦截湮灭者,45610
先驱者级海军型,33155
灾难级帝国型,11936
暴风级舰队型,33157
布鲁提克斯级海军型,33151
幼龙级海军型,33153
海神推进 - 分布喷注器,45618
安克夏级,59679
铁壁,35833
天鹤级,12729
万古级,23919
方尖塔级,20187
渡神级,20185
普罗维登斯级,20183
芬利厄级,20189
占星级,37483
鹳鸟级,37482
教皇级,37481
托勒克斯级埃拉斯多集团版,33651
惩罚者级塔什蒙贡版,33657
惩罚者级卡多尔版,33655
小鹰级纳基维版,33659
乌鸦级海军型,17636
六类沃尔夫-拉叶星效果光束,30879
五类沃尔夫-拉叶星效果光束,30878
四类沃尔夫-拉叶星效果光束,30877
三类沃尔夫-拉叶星效果光束,30876
二类沃尔夫-拉叶星效果光束,30875
六类红巨星效果光束,30874
五类红巨星效果光束,30873
四类红巨星效果光束,30872
三类红巨星效果光束,30871
二类红巨星效果光束,30870
海燕级,16238
强制者级血袭者版,33879
飓风级,16231
猛鲑级古斯塔斯版,33873
先知级,16233
飓风级图克尔部族版,33871
促进级天蛇版,33877
先知级血袭者版,33875
净化级,12038
米亚莫斯级酷菲特强版,4363
豪猪级,59681
掷弹兵级,59680
戒卫级,59683
主教级,59682
开拓者级原型,59684
猎犬级,12034
帕拉丁级塔什蒙贡版,34223
三神裔入侵弱星系效果,52247
乌鸦级卡拉吉塔集团版,34227
乌鸦级古斯塔斯版,34225
乌鸦级纳基维版,34229
三神裔入侵中等星系效果,52248
三神裔入侵强星系效果,52249
挑战级,630
镰刀级,631
黑鸟级,632
星空级,633
送葬者级,634
乌鸦级,638
狂暴级,639
探索级,586
摩洛克级,42241
基抹级,42243
大衮级,42242
拉比苏级,42245
海豚级,42244
凯帝斯级,42246
弱不稳定冰风暴,56997
末日沙场级YC117年特别版,34457
地狱天使级YC117年特别版,34459
侵噬链接 I,34593
侵噬链接 II,34595
科莫多级,45649
赤龟级,45645
凯门鳄级,45647
梯队级,3532
复仇者级,17740
洛迪瓦级,49712
扎玛德级,49713
奇奇莫拉级,49710
德雷卡瓦级,49711
托勒克斯级短途物流版,33653
天梯级,37480
小鬼级,35779
弓头鲸级,34328
逆戟鲸级,28606
异端级,22452
鹏鲲级维克米集团版,33629
剑齿虎级,22456
弥米尔级,32209
地狱天使级塔什蒙贡版,33623
暴狼级,32207
莫洛级,19724
鹏鲲级纳基维版,33627
地狱天使级卡多尔版,33625
流浪级,11999
神圣穿梭机,29266
游牧者级,28846
奥鸟级,28844
希尔博拉斯级,11993
安莎尔级,28848
奥尼克斯级,11995
鱼鹰级海军型,29340
审判者级,11393
朝圣级,11965
休津级,11961
长剑级,11963
埃拉兹级,11969
哨兵级,11190
秃鹰级,11192
狐妖级,11194
利爪级,11196
恶狼级司法局版,34253
短剑级,11198
狂暴级内凡达版,34251
恶狼级内凡达版,34257
恶狼级克鲁夏版,34255
阿什姆级,17922
巴戈龙级,17920
凝血级,17926
魔女级,17924
夜魔侠级,17928
昇威豪华星城,40340
特里斯坦级酷菲版,34443
奇美拉级,23915
飞龙级,23917
绝念级,23911
夜神级,23913
多米尼克斯级酷菲版,34441
勒维亚坦级,3764
守夜者级,3766
霍克级,22544
太空舱,670
俄洛巴斯级,671
加达里穿梭机,672
斯特修斯级,33470
洛基级,29990
灵感级,3756
黑夜级,2998
忏悔者级,34317
白银富豪级,11942
摄尔修斯级,62919
伦琴级,62918
多米尼克斯级海军型,32307
拉格纳洛克级,23773
多普勒级,62917
斯特迪亚级,62916
莫斯级,62915
暗影诱导干扰塔,37534
黄金富豪级,11940
微风级,2078
强制者级,16236
白嘴鸦级,11959
阿斯特罗级,33468
战隼级,11957
狂暴级舰队型,17732
传道者级,3518
噩梦级,17736
马克瑞级,17738
末日沙场级帝国型,11938
万王宝座级联邦型,13202
鹏鲲级,24688
圣卒攻击 - 后勤处理器,45600
金鹏攻击 - 加速弹射舱,45601
金鹏攻击 - 磁性注入闸,45602
金鹏攻击 - 后勤处理器,45603
海神攻击 - 混合解码平台,45604
海神攻击 - 无人机合成投射装置,45605
海神攻击 - 后勤处理器,45606
洛基攻击 - 弹道描迹阵列,45607
洛基攻击 - 发射器增效装置,45608
洛基攻击 - 后勤处理器,45609
赫卡特级,35683
蝎尾怪级,12032
帕拉丁级,28659
短途物流伊米卡斯级,32985
萨拉姆富豪级,32987
斯库维塔苍鹭级,32983
台风级舰队型,32311
维洛奇亚探索级,32989
救世级,22428
大鸨级,12731
分裂级,12733
徘徊者级,12735
泽尼塔级,52907
帕拉丁级卡多尔版,34221
因卡萨斯级短途物流版,33669
因卡萨斯级埃拉斯多集团版,33667
裂谷级克鲁夏版,33665
裂谷级内凡达版,33663
小鹰级维克米集团版,33661
五类脉冲星效果光束,30868
六类脉冲星效果光束,30869
美洲豹级,33513
二类磁星效果光束,30860
三类磁星效果光束,30861
四类磁星效果光束,30862
五类磁星效果光束,30863
六类磁星效果光束,30864
二类脉冲星效果光束,30865
三类脉冲星效果光束,30866
四类脉冲星效果光束,30867
逆戟鲸级ORE开发版,33685
长须鲸级ORE开发版,33687
布鲁提克斯级,16229
伏波斯级,12021
麦基诺级ORE开发版,33683
戴默斯级,12023
伊特龙级短途物流版,33689
猛鲑级,16227
奥卡托级,12745
巨象级,12747
旅行者级,12743
星际捷运促进级,32840
帕拉丁级血袭者版,34219
灾难级塔什蒙贡版,34217
灾难级卡多尔版,34215
灾难级血袭者版,34213
苍鹭级,605
四类激变变星效果光束,30884
伊米卡斯级,607
维拉托尔号,606
伊毕斯号,601
小鹰级,603
茶隼级,602
达兹阈限轨迹,52693
毛鲁斯级,609
阿特龙级,608
太阳神级,11172
黑鸦级,11176
克勒斯级,11174
猛禽级,11178
弱金属极限伽玛射线风暴,56060
强金属极限伽玛射线风暴,56061
弱金属极限等离子火焰风暴,56062
强金属极限等离子火焰风暴,56063
弱金属极限电子风暴,56064
狂怒者级酷菲版,34445
勒沙克级,47271
维德马克级,47270
九头蛇级,48636
提亚玛特级,48635
洛基核心 - 散解程控装置,45631
海神核心 - 分歧缓散处理器,45630
洛基核心 - 停滞光束驱动器,45633
洛基核心 - 增强核反应堆,45632
索迪约,35827
阿兹贝尔,35826
莱塔卢,35825
六类激变变星效果光束,30882
五类激变变星效果光束,30883
二类激变变星效果光束,30880
三类激变变星效果光束,30881
检察官级,590
印塔基联合财团促进级,32842
短途物流促进级,32844
酷菲促进级,32846
启示级,2006
